[2026-01-31T22:32:53.983Z] Starting Autopilot watcher...
[2026-01-31T22:32:53.985Z] Config reloaded
[2026-01-31T22:32:53.986Z] Loaded 12 ignore patterns
[2026-01-31T22:33:02.798Z] File event: change C:\Users\Prais\projects\autopilot-test\.vscode\time-analytics.json
[2026-01-31T22:33:04.654Z] File event: change C:\Users\Prais\projects\autopilot-test\.vscode\time-analytics.json
[2026-01-31T22:33:06.483Z] File event: change C:\Users\Prais\projects\autopilot-test\.vscode\time-analytics.json
[2026-01-31T22:33:08.233Z] File event: change C:\Users\Prais\projects\autopilot-test\.vscode\time-analytics.json
[2026-01-31T22:33:09.999Z] File event: change C:\Users\Prais\projects\autopilot-test\.vscode\time-analytics.json
[2026-01-31T22:33:11.732Z] File event: change C:\Users\Prais\projects\autopilot-test\.vscode\time-analytics.json
[2026-01-31T22:33:13.399Z] File event: change C:\Users\Prais\projects\autopilot-test\.vscode\time-analytics.json
[2026-01-31T22:33:15.138Z] File event: change C:\Users\Prais\projects\autopilot-test\.vscode\time-analytics.json
[2026-01-31T22:33:16.857Z] File event: change C:\Users\Prais\projects\autopilot-test\.vscode\time-analytics.json
[2026-01-31T22:33:18.591Z] File event: change C:\Users\Prais\projects\autopilot-test\.vscode\time-analytics.json
[2026-01-31T22:33:20.331Z] File event: change C:\Users\Prais\projects\autopilot-test\.vscode\time-analytics.json
[2026-01-31T22:33:22.046Z] File event: change C:\Users\Prais\projects\autopilot-test\.vscode\time-analytics.json
[2026-01-31T22:33:23.763Z] File event: change C:\Users\Prais\projects\autopilot-test\.vscode\time-analytics.json
[2026-01-31T22:33:25.452Z] File event: change C:\Users\Prais\projects\autopilot-test\.vscode\time-analytics.json
[2026-01-31T22:33:27.106Z] File event: change C:\Users\Prais\projects\autopilot-test\.vscode\time-analytics.json
[2026-01-31T22:33:28.844Z] File event: change C:\Users\Prais\projects\autopilot-test\.vscode\time-analytics.json
[2026-01-31T22:33:30.622Z] File event: change C:\Users\Prais\projects\autopilot-test\.vscode\time-analytics.json
[2026-01-31T22:33:32.396Z] File event: change C:\Users\Prais\projects\autopilot-test\.vscode\time-analytics.json
[2026-01-31T22:33:34.153Z] File event: change C:\Users\Prais\projects\autopilot-test\.vscode\time-analytics.json
[2026-01-31T22:33:35.823Z] File event: change C:\Users\Prais\projects\autopilot-test\.vscode\time-analytics.json
[2026-01-31T22:33:37.643Z] File event: change C:\Users\Prais\projects\autopilot-test\.vscode\time-analytics.json
[2026-01-31T22:33:39.314Z] File event: change C:\Users\Prais\projects\autopilot-test\.vscode\time-analytics.json
[2026-01-31T22:33:41.063Z] File event: change C:\Users\Prais\projects\autopilot-test\.vscode\time-analytics.json
[2026-01-31T22:33:43.361Z] File event: change C:\Users\Prais\projects\autopilot-test\.vscode\time-analytics.json
[2026-01-31T22:33:45.070Z] File event: change C:\Users\Prais\projects\autopilot-test\.vscode\time-analytics.json
[2026-01-31T22:33:46.728Z] File event: change C:\Users\Prais\projects\autopilot-test\.vscode\time-analytics.json
[2026-01-31T22:33:48.444Z] File event: change C:\Users\Prais\projects\autopilot-test\.vscode\time-analytics.json
[2026-01-31T22:33:50.185Z] File event: change C:\Users\Prais\projects\autopilot-test\.vscode\time-analytics.json
[2026-01-31T22:33:51.937Z] File event: change C:\Users\Prais\projects\autopilot-test\.vscode\time-analytics.json
[2026-01-31T22:33:53.615Z] File event: change C:\Users\Prais\projects\autopilot-test\.vscode\time-analytics.json
[2026-01-31T22:33:55.366Z] File event: change C:\Users\Prais\projects\autopilot-test\.vscode\time-analytics.json
[2026-01-31T22:33:57.127Z] File event: change C:\Users\Prais\projects\autopilot-test\.vscode\time-analytics.json
[2026-01-31T22:33:58.845Z] File event: change C:\Users\Prais\projects\autopilot-test\.vscode\time-analytics.json
[2026-01-31T22:34:01.556Z] File event: change C:\Users\Prais\projects\autopilot-test\.vscode\time-analytics.json
[2026-01-31T22:34:03.275Z] File event: change C:\Users\Prais\projects\autopilot-test\.vscode\time-analytics.json
[2026-01-31T22:34:04.922Z] File event: change C:\Users\Prais\projects\autopilot-test\.vscode\time-analytics.json
[2026-01-31T22:34:06.563Z] File event: change C:\Users\Prais\projects\autopilot-test\.vscode\time-analytics.json
[2026-01-31T22:34:08.200Z] File event: change C:\Users\Prais\projects\autopilot-test\.vscode\time-analytics.json
[2026-01-31T22:34:09.828Z] File event: change C:\Users\Prais\projects\autopilot-test\.vscode\time-analytics.json
[2026-01-31T22:34:11.495Z] File event: change C:\Users\Prais\projects\autopilot-test\.vscode\time-analytics.json
[2026-01-31T22:34:13.133Z] File event: change C:\Users\Prais\projects\autopilot-test\.vscode\time-analytics.json
[2026-01-31T22:34:14.770Z] File event: change C:\Users\Prais\projects\autopilot-test\.vscode\time-analytics.json
[2026-01-31T22:34:16.495Z] File event: change C:\Users\Prais\projects\autopilot-test\.vscode\time-analytics.json
[2026-01-31T22:34:18.137Z] File event: change C:\Users\Prais\projects\autopilot-test\.vscode\time-analytics.json
[2026-01-31T22:34:19.777Z] File event: change C:\Users\Prais\projects\autopilot-test\.vscode\time-analytics.json
[2026-01-31T22:34:21.755Z] File event: change C:\Users\Prais\projects\autopilot-test\.vscode\time-analytics.json
[2026-01-31T22:34:23.935Z] File event: change C:\Users\Prais\projects\autopilot-test\.vscode\time-analytics.json
[2026-01-31T22:34:25.659Z] File event: change C:\Users\Prais\projects\autopilot-test\.vscode\time-analytics.json
[2026-01-31T22:34:27.303Z] File event: change C:\Users\Prais\projects\autopilot-test\.vscode\time-analytics.json
[2026-01-31T22:34:28.970Z] File event: change C:\Users\Prais\projects\autopilot-test\.vscode\time-analytics.json
[2026-01-31T22:34:30.616Z] File event: change C:\Users\Prais\projects\autopilot-test\.vscode\time-analytics.json
[2026-01-31T22:34:32.367Z] File event: change C:\Users\Prais\projects\autopilot-test\.vscode\time-analytics.json
[2026-01-31T22:34:34.119Z] File event: change C:\Users\Prais\projects\autopilot-test\.vscode\time-analytics.json
[2026-01-31T22:34:35.873Z] File event: change C:\Users\Prais\projects\autopilot-test\.vscode\time-analytics.json
[2026-01-31T22:34:37.623Z] File event: change C:\Users\Prais\projects\autopilot-test\.vscode\time-analytics.json
[2026-01-31T22:34:39.391Z] File event: change C:\Users\Prais\projects\autopilot-test\.vscode\time-analytics.json
[2026-01-31T22:34:41.181Z] File event: change C:\Users\Prais\projects\autopilot-test\.vscode\time-analytics.json
[2026-01-31T22:34:42.950Z] File event: change C:\Users\Prais\projects\autopilot-test\.vscode\time-analytics.json
[2026-01-31T22:34:44.618Z] File event: change C:\Users\Prais\projects\autopilot-test\.vscode\time-analytics.json
[2026-01-31T22:34:46.375Z] File event: change C:\Users\Prais\projects\autopilot-test\.vscode\time-analytics.json
[2026-01-31T22:34:47.727Z] File event: change C:\Users\Prais\projects\autopilot-test\.vscode\time-analytics.json
[2026-01-31T22:34:49.447Z] File event: change C:\Users\Prais\projects\autopilot-test\.vscode\time-analytics.json
[2026-01-31T22:34:51.164Z] File event: change C:\Users\Prais\projects\autopilot-test\.vscode\time-analytics.json
[2026-01-31T22:34:52.898Z] File event: change C:\Users\Prais\projects\autopilot-test\.vscode\time-analytics.json
[2026-01-31T22:34:53.617Z] File event: change C:\Users\Prais\projects\autopilot-test\README.md
[2026-01-31T22:34:55.354Z] File event: change C:\Users\Prais\projects\autopilot-test\.vscode\time-analytics.json
[2026-01-31T22:34:57.109Z] File event: change C:\Users\Prais\projects\autopilot-test\.vscode\time-analytics.json
[2026-01-31T22:34:58.831Z] File event: change C:\Users\Prais\projects\autopilot-test\.vscode\time-analytics.json
[2026-01-31T22:35:00.489Z] File event: change C:\Users\Prais\projects\autopilot-test\.vscode\time-analytics.json
[2026-01-31T22:35:03.186Z] File event: change C:\Users\Prais\projects\autopilot-test\.vscode\time-analytics.json
[2026-01-31T22:35:04.871Z] File event: change C:\Users\Prais\projects\autopilot-test\.vscode\time-analytics.json
[2026-01-31T22:35:06.615Z] File event: change C:\Users\Prais\projects\autopilot-test\.vscode\time-analytics.json
[2026-01-31T22:35:08.359Z] File event: change C:\Users\Prais\projects\autopilot-test\.vscode\time-analytics.json
[2026-01-31T22:35:10.085Z] File event: change C:\Users\Prais\projects\autopilot-test\.vscode\time-analytics.json
[2026-01-31T22:35:11.822Z] File event: change C:\Users\Prais\projects\autopilot-test\.vscode\time-analytics.json
[2026-01-31T22:35:13.561Z] File event: change C:\Users\Prais\projects\autopilot-test\.vscode\time-analytics.json
[2026-01-31T22:35:15.297Z] File event: change C:\Users\Prais\projects\autopilot-test\.vscode\time-analytics.json
[2026-01-31T22:35:17.147Z] File event: change C:\Users\Prais\projects\autopilot-test\.vscode\time-analytics.json
[2026-01-31T22:35:18.795Z] File event: change C:\Users\Prais\projects\autopilot-test\.vscode\time-analytics.json
[2026-01-31T22:35:20.536Z] File event: change C:\Users\Prais\projects\autopilot-test\.vscode\time-analytics.json
[2026-01-31T22:35:21.768Z] File event: change C:\Users\Prais\projects\autopilot-test\.vscode\time-analytics.json
[2026-01-31T22:35:23.466Z] File event: change C:\Users\Prais\projects\autopilot-test\.vscode\time-analytics.json
[2026-01-31T22:35:25.216Z] File event: change C:\Users\Prais\projects\autopilot-test\.vscode\time-analytics.json
[2026-01-31T22:35:26.963Z] File event: change C:\Users\Prais\projects\autopilot-test\.vscode\time-analytics.json
[2026-01-31T22:35:28.702Z] File event: change C:\Users\Prais\projects\autopilot-test\.vscode\time-analytics.json
[2026-01-31T22:35:30.390Z] File event: change C:\Users\Prais\projects\autopilot-test\.vscode\time-analytics.json
[2026-01-31T22:35:32.119Z] File event: change C:\Users\Prais\projects\autopilot-test\.vscode\time-analytics.json
[2026-01-31T22:35:33.765Z] File event: change C:\Users\Prais\projects\autopilot-test\.vscode\time-analytics.json
[2026-01-31T22:35:35.419Z] File event: change C:\Users\Prais\projects\autopilot-test\.vscode\time-analytics.json
[2026-01-31T22:35:37.176Z] File event: change C:\Users\Prais\projects\autopilot-test\.vscode\time-analytics.json
[2026-01-31T22:35:38.937Z] File event: change C:\Users\Prais\projects\autopilot-test\.vscode\time-analytics.json
[2026-01-31T22:35:40.728Z] File event: change C:\Users\Prais\projects\autopilot-test\.vscode\time-analytics.json
[2026-01-31T22:35:42.468Z] File event: change C:\Users\Prais\projects\autopilot-test\.vscode\time-analytics.json
[2026-01-31T22:35:44.222Z] File event: change C:\Users\Prais\projects\autopilot-test\.vscode\time-analytics.json
[2026-01-31T22:35:45.975Z] File event: change C:\Users\Prais\projects\autopilot-test\.vscode\time-analytics.json
[2026-01-31T22:35:47.733Z] File event: change C:\Users\Prais\projects\autopilot-test\.vscode\time-analytics.json
[2026-01-31T22:35:49.491Z] File event: change C:\Users\Prais\projects\autopilot-test\.vscode\time-analytics.json
[2026-01-31T22:35:51.141Z] File event: change C:\Users\Prais\projects\autopilot-test\.vscode\time-analytics.json
[2026-01-31T22:35:53.361Z] File event: change C:\Users\Prais\projects\autopilot-test\.vscode\time-analytics.json
[2026-01-31T22:35:55.157Z] File event: change C:\Users\Prais\projects\autopilot-test\.vscode\time-analytics.json
[2026-01-31T22:35:56.918Z] File event: change C:\Users\Prais\projects\autopilot-test\.vscode\time-analytics.json
[2026-01-31T22:35:58.583Z] File event: change C:\Users\Prais\projects\autopilot-test\.vscode\time-analytics.json
[2026-01-31T22:36:01.238Z] File event: change C:\Users\Prais\projects\autopilot-test\.vscode\time-analytics.json
[2026-01-31T22:36:02.943Z] File event: change C:\Users\Prais\projects\autopilot-test\.vscode\time-analytics.json
[2026-01-31T22:36:04.596Z] File event: change C:\Users\Prais\projects\autopilot-test\.vscode\time-analytics.json
[2026-01-31T22:36:06.241Z] File event: change C:\Users\Prais\projects\autopilot-test\.vscode\time-analytics.json
[2026-01-31T22:36:07.883Z] File event: change C:\Users\Prais\projects\autopilot-test\.vscode\time-analytics.json
[2026-01-31T22:36:09.533Z] File event: change C:\Users\Prais\projects\autopilot-test\.vscode\time-analytics.json
[2026-01-31T22:36:11.172Z] File event: change C:\Users\Prais\projects\autopilot-test\.vscode\time-analytics.json
[2026-01-31T22:36:13.897Z] File event: change C:\Users\Prais\projects\autopilot-test\.vscode\time-analytics.json
[2026-01-31T22:36:15.607Z] File event: change C:\Users\Prais\projects\autopilot-test\.vscode\time-analytics.json
[2026-01-31T22:36:18.062Z] File event: change C:\Users\Prais\projects\autopilot-test\.vscode\time-analytics.json
[2026-01-31T22:36:19.764Z] File event: change C:\Users\Prais\projects\autopilot-test\.vscode\time-analytics.json
[2026-01-31T22:36:21.468Z] File event: change C:\Users\Prais\projects\autopilot-test\.vscode\time-analytics.json
[2026-01-31T22:36:23.106Z] File event: change C:\Users\Prais\projects\autopilot-test\.vscode\time-analytics.json
[2026-01-31T22:36:24.849Z] File event: change C:\Users\Prais\projects\autopilot-test\.vscode\time-analytics.json
[2026-01-31T22:36:26.791Z] File event: change C:\Users\Prais\projects\autopilot-test\.vscode\time-analytics.json
[2026-01-31T22:36:28.498Z] File event: change C:\Users\Prais\projects\autopilot-test\.vscode\time-analytics.json
[2026-01-31T22:36:30.141Z] File event: change C:\Users\Prais\projects\autopilot-test\.vscode\time-analytics.json
[2026-01-31T22:36:31.847Z] File event: change C:\Users\Prais\projects\autopilot-test\.vscode\time-analytics.json
[2026-01-31T22:36:33.490Z] File event: change C:\Users\Prais\projects\autopilot-test\.vscode\time-analytics.json
[2026-01-31T22:36:35.210Z] File event: change C:\Users\Prais\projects\autopilot-test\.vscode\time-analytics.json
[2026-01-31T22:36:36.934Z] File event: change C:\Users\Prais\projects\autopilot-test\.vscode\time-analytics.json
[2026-01-31T22:36:38.591Z] File event: change C:\Users\Prais\projects\autopilot-test\.vscode\time-analytics.json
[2026-01-31T22:36:40.427Z] File event: change C:\Users\Prais\projects\autopilot-test\.vscode\time-analytics.json
[2026-01-31T22:36:42.125Z] File event: change C:\Users\Prais\projects\autopilot-test\.vscode\time-analytics.json
[2026-01-31T22:36:43.841Z] File event: change C:\Users\Prais\projects\autopilot-test\.vscode\time-analytics.json
[2026-01-31T22:36:45.470Z] File event: change C:\Users\Prais\projects\autopilot-test\.vscode\time-analytics.json
[2026-01-31T22:36:47.135Z] File event: change C:\Users\Prais\projects\autopilot-test\.vscode\time-analytics.json
[2026-01-31T22:36:48.875Z] File event: change C:\Users\Prais\projects\autopilot-test\.vscode\time-analytics.json
[2026-01-31T22:36:50.517Z] File event: change C:\Users\Prais\projects\autopilot-test\.vscode\time-analytics.json
[2026-01-31T22:36:52.221Z] File event: change C:\Users\Prais\projects\autopilot-test\.vscode\time-analytics.json
[2026-01-31T22:36:53.890Z] File event: change C:\Users\Prais\projects\autopilot-test\.vscode\time-analytics.json
[2026-01-31T22:36:55.631Z] File event: change C:\Users\Prais\projects\autopilot-test\.vscode\time-analytics.json
[2026-01-31T22:36:57.294Z] File event: change C:\Users\Prais\projects\autopilot-test\.vscode\time-analytics.json
[2026-01-31T22:36:59.005Z] File event: change C:\Users\Prais\projects\autopilot-test\.vscode\time-analytics.json
[2026-01-31T22:37:00.752Z] File event: change C:\Users\Prais\projects\autopilot-test\.vscode\time-analytics.json
[2026-01-31T22:37:02.391Z] File event: change C:\Users\Prais\projects\autopilot-test\.vscode\time-analytics.json
[2026-01-31T22:37:04.029Z] File event: change C:\Users\Prais\projects\autopilot-test\.vscode\time-analytics.json
[2026-01-31T22:37:05.685Z] File event: change C:\Users\Prais\projects\autopilot-test\.vscode\time-analytics.json
[2026-01-31T22:37:07.435Z] File event: change C:\Users\Prais\projects\autopilot-test\.vscode\time-analytics.json
[2026-01-31T22:37:09.184Z] File event: change C:\Users\Prais\projects\autopilot-test\.vscode\time-analytics.json
[2026-01-31T22:37:10.929Z] File event: change C:\Users\Prais\projects\autopilot-test\.vscode\time-analytics.json
[2026-01-31T22:37:12.668Z] File event: change C:\Users\Prais\projects\autopilot-test\.vscode\time-analytics.json
[2026-01-31T22:37:14.321Z] File event: change C:\Users\Prais\projects\autopilot-test\.vscode\time-analytics.json
[2026-01-31T22:37:15.957Z] File event: change C:\Users\Prais\projects\autopilot-test\.vscode\time-analytics.json
[2026-01-31T22:37:17.623Z] File event: change C:\Users\Prais\projects\autopilot-test\.vscode\time-analytics.json
[2026-01-31T22:37:19.297Z] File event: change C:\Users\Prais\projects\autopilot-test\.vscode\time-analytics.json
[2026-01-31T22:37:20.957Z] File event: change C:\Users\Prais\projects\autopilot-test\.vscode\time-analytics.json
[2026-01-31T22:37:22.596Z] File event: change C:\Users\Prais\projects\autopilot-test\.vscode\time-analytics.json
[2026-01-31T22:37:24.626Z] File event: change C:\Users\Prais\projects\autopilot-test\.vscode\time-analytics.json
[2026-01-31T22:37:26.341Z] File event: change C:\Users\Prais\projects\autopilot-test\.vscode\time-analytics.json
[2026-01-31T22:37:28.094Z] File event: change C:\Users\Prais\projects\autopilot-test\.vscode\time-analytics.json
[2026-01-31T22:37:29.729Z] File event: change C:\Users\Prais\projects\autopilot-test\.vscode\time-analytics.json
[2026-01-31T22:37:31.582Z] File event: change C:\Users\Prais\projects\autopilot-test\.vscode\time-analytics.json
[2026-01-31T22:37:33.307Z] File event: change C:\Users\Prais\projects\autopilot-test\.vscode\time-analytics.json
[2026-01-31T22:37:34.938Z] File event: change C:\Users\Prais\projects\autopilot-test\.vscode\time-analytics.json
[2026-01-31T22:37:36.658Z] File event: change C:\Users\Prais\projects\autopilot-test\.vscode\time-analytics.json
[2026-01-31T22:37:38.376Z] File event: change C:\Users\Prais\projects\autopilot-test\.vscode\time-analytics.json
[2026-01-31T22:37:40.012Z] File event: change C:\Users\Prais\projects\autopilot-test\.vscode\time-analytics.json
[2026-01-31T22:37:41.750Z] File event: change C:\Users\Prais\projects\autopilot-test\.vscode\time-analytics.json
[2026-01-31T22:37:43.413Z] File event: change C:\Users\Prais\projects\autopilot-test\.vscode\time-analytics.json
[2026-01-31T22:37:45.207Z] File event: change C:\Users\Prais\projects\autopilot-test\.vscode\time-analytics.json
[2026-01-31T22:37:46.956Z] File event: change C:\Users\Prais\projects\autopilot-test\.vscode\time-analytics.json
[2026-01-31T22:37:48.603Z] File event: change C:\Users\Prais\projects\autopilot-test\.vscode\time-analytics.json
[2026-01-31T22:37:50.270Z] File event: change C:\Users\Prais\projects\autopilot-test\.vscode\time-analytics.json
[2026-01-31T22:37:51.937Z] File event: change C:\Users\Prais\projects\autopilot-test\.vscode\time-analytics.json
[2026-01-31T22:37:53.683Z] File event: change C:\Users\Prais\projects\autopilot-test\.vscode\time-analytics.json
[2026-01-31T22:37:55.414Z] File event: change C:\Users\Prais\projects\autopilot-test\.vscode\time-analytics.json
[2026-01-31T22:37:57.049Z] File event: change C:\Users\Prais\projects\autopilot-test\.vscode\time-analytics.json
[2026-01-31T22:37:58.701Z] File event: change C:\Users\Prais\projects\autopilot-test\.vscode\time-analytics.json
[2026-01-31T22:38:00.436Z] File event: change C:\Users\Prais\projects\autopilot-test\.vscode\time-analytics.json
[2026-01-31T22:38:02.185Z] File event: change C:\Users\Prais\projects\autopilot-test\.vscode\time-analytics.json
[2026-01-31T22:38:03.828Z] File event: change C:\Users\Prais\projects\autopilot-test\.vscode\time-analytics.json
[2026-01-31T22:38:05.565Z] File event: change C:\Users\Prais\projects\autopilot-test\.vscode\time-analytics.json
[2026-01-31T22:38:07.228Z] File event: change C:\Users\Prais\projects\autopilot-test\.vscode\time-analytics.json
[2026-01-31T22:38:08.933Z] File event: change C:\Users\Prais\projects\autopilot-test\.vscode\time-analytics.json
[2026-01-31T22:38:10.688Z] File event: change C:\Users\Prais\projects\autopilot-test\.vscode\time-analytics.json
[2026-01-31T22:38:12.343Z] File event: change C:\Users\Prais\projects\autopilot-test\.vscode\time-analytics.json
[2026-01-31T22:38:14.064Z] File event: change C:\Users\Prais\projects\autopilot-test\.vscode\time-analytics.json
[2026-01-31T22:38:15.777Z] File event: change C:\Users\Prais\projects\autopilot-test\.vscode\time-analytics.json
[2026-01-31T22:38:17.514Z] File event: change C:\Users\Prais\projects\autopilot-test\.vscode\time-analytics.json
[2026-01-31T22:38:19.247Z] File event: change C:\Users\Prais\projects\autopilot-test\.vscode\time-analytics.json
[2026-01-31T22:38:20.909Z] File event: change C:\Users\Prais\projects\autopilot-test\.vscode\time-analytics.json
[2026-01-31T22:38:22.657Z] File event: change C:\Users\Prais\projects\autopilot-test\.vscode\time-analytics.json
[2026-01-31T22:38:24.311Z] File event: change C:\Users\Prais\projects\autopilot-test\.vscode\time-analytics.json
[2026-01-31T22:38:26.045Z] File event: change C:\Users\Prais\projects\autopilot-test\.vscode\time-analytics.json
[2026-01-31T22:38:27.690Z] File event: change C:\Users\Prais\projects\autopilot-test\.vscode\time-analytics.json
[2026-01-31T22:38:29.344Z] File event: change C:\Users\Prais\projects\autopilot-test\.vscode\time-analytics.json
[2026-01-31T22:38:31.014Z] File event: change C:\Users\Prais\projects\autopilot-test\.vscode\time-analytics.json
[2026-01-31T22:38:32.747Z] File event: change C:\Users\Prais\projects\autopilot-test\.vscode\time-analytics.json
[2026-01-31T22:38:34.405Z] File event: change C:\Users\Prais\projects\autopilot-test\.vscode\time-analytics.json
[2026-01-31T22:38:36.138Z] File event: change C:\Users\Prais\projects\autopilot-test\.vscode\time-analytics.json
[2026-01-31T22:38:37.876Z] File event: change C:\Users\Prais\projects\autopilot-test\.vscode\time-analytics.json
[2026-01-31T22:38:39.639Z] File event: change C:\Users\Prais\projects\autopilot-test\.vscode\time-analytics.json
[2026-01-31T22:38:41.287Z] File event: change C:\Users\Prais\projects\autopilot-test\.vscode\time-analytics.json
[2026-01-31T22:38:43.015Z] File event: change C:\Users\Prais\projects\autopilot-test\.vscode\time-analytics.json
[2026-01-31T22:38:44.666Z] File event: change C:\Users\Prais\projects\autopilot-test\.vscode\time-analytics.json
[2026-01-31T22:38:46.409Z] File event: change C:\Users\Prais\projects\autopilot-test\.vscode\time-analytics.json
[2026-01-31T22:39:31.129Z] Starting Autopilot watcher...
[2026-01-31T22:39:31.131Z] Config reloaded
[2026-01-31T22:39:31.132Z] Loaded 17 ignore patterns
[2026-01-31T22:39:32.857Z] File event: change C:\Users\Prais\projects\autopilot-test\.vscode\time-analytics.json
[2026-01-31T22:39:34.577Z] File event: change C:\Users\Prais\projects\autopilot-test\.vscode\time-analytics.json
[2026-01-31T22:39:36.251Z] File event: change C:\Users\Prais\projects\autopilot-test\.vscode\time-analytics.json
[2026-01-31T22:39:39.073Z] File event: change C:\Users\Prais\projects\autopilot-test\.vscode\time-analytics.json
[2026-01-31T22:39:40.421Z] File event: change C:\Users\Prais\projects\autopilot-test\.vscode\time-analytics.json
[2026-01-31T22:39:40.437Z] File event: change C:\Users\Prais\projects\autopilot-test\README.md
[2026-01-31T22:39:42.173Z] File event: change C:\Users\Prais\projects\autopilot-test\.vscode\time-analytics.json
[2026-01-31T22:39:43.971Z] File event: change C:\Users\Prais\projects\autopilot-test\.vscode\time-analytics.json
[2026-01-31T22:39:46.130Z] File event: change C:\Users\Prais\projects\autopilot-test\.vscode\time-analytics.json
[2026-01-31T22:39:47.886Z] File event: change C:\Users\Prais\projects\autopilot-test\.vscode\time-analytics.json
[2026-01-31T22:39:49.622Z] File event: change C:\Users\Prais\projects\autopilot-test\.vscode\time-analytics.json
[2026-01-31T22:39:51.378Z] File event: change C:\Users\Prais\projects\autopilot-test\.vscode\time-analytics.json
[2026-01-31T22:39:53.091Z] File event: change C:\Users\Prais\projects\autopilot-test\.vscode\time-analytics.json
[2026-01-31T22:39:54.800Z] File event: change C:\Users\Prais\projects\autopilot-test\.vscode\time-analytics.json
[2026-01-31T22:39:56.553Z] File event: change C:\Users\Prais\projects\autopilot-test\.vscode\time-analytics.json
[2026-01-31T22:39:58.320Z] File event: change C:\Users\Prais\projects\autopilot-test\.vscode\time-analytics.json
[2026-01-31T22:39:59.957Z] File event: change C:\Users\Prais\projects\autopilot-test\.vscode\time-analytics.json
[2026-01-31T22:40:01.746Z] File event: change C:\Users\Prais\projects\autopilot-test\.vscode\time-analytics.json
[2026-01-31T22:40:03.466Z] File event: change C:\Users\Prais\projects\autopilot-test\.vscode\time-analytics.json
[2026-01-31T22:40:05.200Z] File event: change C:\Users\Prais\projects\autopilot-test\.vscode\time-analytics.json
[2026-01-31T22:40:06.945Z] File event: change C:\Users\Prais\projects\autopilot-test\.vscode\time-analytics.json
[2026-01-31T22:40:08.696Z] File event: change C:\Users\Prais\projects\autopilot-test\.vscode\time-analytics.json
[2026-01-31T22:40:10.339Z] File event: change C:\Users\Prais\projects\autopilot-test\.vscode\time-analytics.json
[2026-01-31T22:40:11.986Z] File event: change C:\Users\Prais\projects\autopilot-test\.vscode\time-analytics.json
[2026-01-31T22:40:13.731Z] File event: change C:\Users\Prais\projects\autopilot-test\.vscode\time-analytics.json
[2026-01-31T22:40:15.373Z] File event: change C:\Users\Prais\projects\autopilot-test\.vscode\time-analytics.json
[2026-01-31T22:40:17.117Z] File event: change C:\Users\Prais\projects\autopilot-test\.vscode\time-analytics.json
[2026-01-31T22:40:18.859Z] File event: change C:\Users\Prais\projects\autopilot-test\.vscode\time-analytics.json
[2026-01-31T22:40:20.606Z] File event: change C:\Users\Prais\projects\autopilot-test\.vscode\time-analytics.json
[2026-01-31T22:40:22.335Z] File event: change C:\Users\Prais\projects\autopilot-test\.vscode\time-analytics.json
[2026-01-31T22:40:24.097Z] File event: change C:\Users\Prais\projects\autopilot-test\.vscode\time-analytics.json
[2026-01-31T22:40:25.872Z] File event: change C:\Users\Prais\projects\autopilot-test\.vscode\time-analytics.json
[2026-01-31T22:40:27.608Z] File event: change C:\Users\Prais\projects\autopilot-test\.vscode\time-analytics.json
[2026-01-31T22:40:29.349Z] File event: change C:\Users\Prais\projects\autopilot-test\.vscode\time-analytics.json
[2026-01-31T22:40:31.093Z] File event: change C:\Users\Prais\projects\autopilot-test\.vscode\time-analytics.json
[2026-01-31T22:40:32.856Z] File event: change C:\Users\Prais\projects\autopilot-test\.vscode\time-analytics.json
[2026-01-31T22:40:34.606Z] File event: change C:\Users\Prais\projects\autopilot-test\.vscode\time-analytics.json
[2026-01-31T22:40:36.362Z] File event: change C:\Users\Prais\projects\autopilot-test\.vscode\time-analytics.json
[2026-01-31T22:40:38.108Z] File event: change C:\Users\Prais\projects\autopilot-test\.vscode\time-analytics.json
[2026-01-31T22:40:39.826Z] File event: change C:\Users\Prais\projects\autopilot-test\.vscode\time-analytics.json
[2026-01-31T22:40:41.553Z] File event: change C:\Users\Prais\projects\autopilot-test\.vscode\time-analytics.json
[2026-01-31T22:40:43.307Z] File event: change C:\Users\Prais\projects\autopilot-test\.vscode\time-analytics.json
[2026-01-31T22:40:45.092Z] File event: change C:\Users\Prais\projects\autopilot-test\.vscode\time-analytics.json
[2026-01-31T22:40:46.795Z] File event: change C:\Users\Prais\projects\autopilot-test\.vscode\time-analytics.json
[2026-01-31T22:40:48.514Z] File event: change C:\Users\Prais\projects\autopilot-test\.vscode\time-analytics.json
[2026-01-31T22:40:50.263Z] File event: change C:\Users\Prais\projects\autopilot-test\.vscode\time-analytics.json
[2026-01-31T22:40:52.015Z] File event: change C:\Users\Prais\projects\autopilot-test\.vscode\time-analytics.json
[2026-01-31T22:40:53.781Z] File event: change C:\Users\Prais\projects\autopilot-test\.vscode\time-analytics.json
[2026-01-31T22:40:55.529Z] File event: change C:\Users\Prais\projects\autopilot-test\.vscode\time-analytics.json
[2026-01-31T22:40:57.265Z] File event: change C:\Users\Prais\projects\autopilot-test\.vscode\time-analytics.json
[2026-01-31T22:40:58.686Z] File event: change C:\Users\Prais\projects\autopilot-test\.vscode\time-analytics.json
[2026-01-31T22:41:00.406Z] File event: change C:\Users\Prais\projects\autopilot-test\.vscode\time-analytics.json
[2026-01-31T22:41:02.118Z] File event: change C:\Users\Prais\projects\autopilot-test\.vscode\time-analytics.json
[2026-01-31T22:41:03.874Z] File event: change C:\Users\Prais\projects\autopilot-test\.vscode\time-analytics.json
[2026-01-31T22:41:05.599Z] File event: change C:\Users\Prais\projects\autopilot-test\.vscode\time-analytics.json
[2026-01-31T22:41:07.343Z] File event: change C:\Users\Prais\projects\autopilot-test\.vscode\time-analytics.json
[2026-01-31T22:41:09.133Z] File event: change C:\Users\Prais\projects\autopilot-test\.vscode\time-analytics.json
[2026-01-31T22:41:10.880Z] File event: change C:\Users\Prais\projects\autopilot-test\.vscode\time-analytics.json
[2026-01-31T22:41:12.649Z] File event: change C:\Users\Prais\projects\autopilot-test\.vscode\time-analytics.json
[2026-01-31T22:41:14.405Z] File event: change C:\Users\Prais\projects\autopilot-test\.vscode\time-analytics.json
[2026-01-31T22:41:16.155Z] File event: change C:\Users\Prais\projects\autopilot-test\.vscode\time-analytics.json
[2026-01-31T22:41:17.920Z] File event: change C:\Users\Prais\projects\autopilot-test\.vscode\time-analytics.json
[2026-01-31T22:41:19.677Z] File event: change C:\Users\Prais\projects\autopilot-test\.vscode\time-analytics.json
[2026-01-31T22:41:21.413Z] File event: change C:\Users\Prais\projects\autopilot-test\.vscode\time-analytics.json
[2026-01-31T22:41:23.148Z] File event: change C:\Users\Prais\projects\autopilot-test\.vscode\time-analytics.json
[2026-01-31T22:41:24.907Z] File event: change C:\Users\Prais\projects\autopilot-test\.vscode\time-analytics.json
[2026-01-31T22:41:26.656Z] File event: change C:\Users\Prais\projects\autopilot-test\.vscode\time-analytics.json
[2026-01-31T22:41:28.428Z] File event: change C:\Users\Prais\projects\autopilot-test\.vscode\time-analytics.json
[2026-01-31T22:41:30.179Z] File event: change C:\Users\Prais\projects\autopilot-test\.vscode\time-analytics.json
[2026-01-31T22:41:31.915Z] File event: change C:\Users\Prais\projects\autopilot-test\.vscode\time-analytics.json
[2026-01-31T22:41:33.670Z] File event: change C:\Users\Prais\projects\autopilot-test\.vscode\time-analytics.json
[2026-01-31T22:41:35.410Z] File event: change C:\Users\Prais\projects\autopilot-test\.vscode\time-analytics.json
[2026-01-31T22:41:37.156Z] File event: change C:\Users\Prais\projects\autopilot-test\.vscode\time-analytics.json
[2026-01-31T22:41:38.922Z] File event: change C:\Users\Prais\projects\autopilot-test\.vscode\time-analytics.json
[2026-01-31T22:41:40.579Z] File event: change C:\Users\Prais\projects\autopilot-test\.vscode\time-analytics.json
[2026-01-31T22:41:42.327Z] File event: change C:\Users\Prais\projects\autopilot-test\.vscode\time-analytics.json
[2026-01-31T22:41:44.115Z] File event: change C:\Users\Prais\projects\autopilot-test\.vscode\time-analytics.json
[2026-01-31T22:41:45.903Z] File event: change C:\Users\Prais\projects\autopilot-test\.vscode\time-analytics.json
[2026-01-31T22:41:47.627Z] File event: change C:\Users\Prais\projects\autopilot-test\.vscode\time-analytics.json
[2026-01-31T22:41:49.344Z] File event: change C:\Users\Prais\projects\autopilot-test\.vscode\time-analytics.json
[2026-01-31T22:41:51.093Z] File event: change C:\Users\Prais\projects\autopilot-test\.vscode\time-analytics.json
[2026-01-31T22:41:52.757Z] File event: change C:\Users\Prais\projects\autopilot-test\.vscode\time-analytics.json
[2026-01-31T22:41:54.495Z] File event: change C:\Users\Prais\projects\autopilot-test\.vscode\time-analytics.json
[2026-01-31T22:41:56.172Z] File event: change C:\Users\Prais\projects\autopilot-test\.vscode\time-analytics.json
[2026-01-31T22:41:57.921Z] File event: change C:\Users\Prais\projects\autopilot-test\.vscode\time-analytics.json
[2026-01-31T22:41:59.656Z] File event: change C:\Users\Prais\projects\autopilot-test\.vscode\time-analytics.json
[2026-01-31T22:42:01.374Z] File event: change C:\Users\Prais\projects\autopilot-test\.vscode\time-analytics.json
[2026-01-31T22:42:03.027Z] File event: change C:\Users\Prais\projects\autopilot-test\.vscode\time-analytics.json
[2026-01-31T22:42:04.785Z] File event: change C:\Users\Prais\projects\autopilot-test\.vscode\time-analytics.json
[2026-01-31T22:42:06.544Z] File event: change C:\Users\Prais\projects\autopilot-test\.vscode\time-analytics.json
[2026-01-31T22:42:08.304Z] File event: change C:\Users\Prais\projects\autopilot-test\.vscode\time-analytics.json
[2026-01-31T22:42:10.062Z] File event: change C:\Users\Prais\projects\autopilot-test\.vscode\time-analytics.json
[2026-01-31T22:42:11.721Z] File event: change C:\Users\Prais\projects\autopilot-test\.vscode\time-analytics.json
[2026-01-31T22:42:13.483Z] File event: change C:\Users\Prais\projects\autopilot-test\.vscode\time-analytics.json
[2026-01-31T22:42:15.185Z] File event: change C:\Users\Prais\projects\autopilot-test\.vscode\time-analytics.json
[2026-01-31T22:42:16.839Z] File event: change C:\Users\Prais\projects\autopilot-test\.vscode\time-analytics.json
[2026-01-31T22:42:18.586Z] File event: change C:\Users\Prais\projects\autopilot-test\.vscode\time-analytics.json
[2026-01-31T22:42:20.341Z] File event: change C:\Users\Prais\projects\autopilot-test\.vscode\time-analytics.json
[2026-01-31T22:42:21.990Z] File event: change C:\Users\Prais\projects\autopilot-test\.vscode\time-analytics.json
[2026-01-31T22:42:23.640Z] File event: change C:\Users\Prais\projects\autopilot-test\.vscode\time-analytics.json
[2026-01-31T22:42:25.359Z] File event: change C:\Users\Prais\projects\autopilot-test\.vscode\time-analytics.json
[2026-01-31T22:42:27.091Z] File event: change C:\Users\Prais\projects\autopilot-test\.vscode\time-analytics.json
[2026-01-31T22:42:28.827Z] File event: change C:\Users\Prais\projects\autopilot-test\.vscode\time-analytics.json
[2026-01-31T22:42:30.571Z] File event: change C:\Users\Prais\projects\autopilot-test\.vscode\time-analytics.json
[2026-01-31T22:42:32.264Z] File event: change C:\Users\Prais\projects\autopilot-test\.vscode\time-analytics.json
[2026-01-31T22:42:34.030Z] File event: change C:\Users\Prais\projects\autopilot-test\.vscode\time-analytics.json
[2026-01-31T22:42:35.763Z] File event: change C:\Users\Prais\projects\autopilot-test\.vscode\time-analytics.json
[2026-01-31T22:42:37.513Z] File event: change C:\Users\Prais\projects\autopilot-test\.vscode\time-analytics.json
[2026-01-31T22:42:39.224Z] File event: change C:\Users\Prais\projects\autopilot-test\.vscode\time-analytics.json
[2026-01-31T22:42:40.951Z] File event: change C:\Users\Prais\projects\autopilot-test\.vscode\time-analytics.json
[2026-01-31T22:42:42.678Z] File event: change C:\Users\Prais\projects\autopilot-test\.vscode\time-analytics.json
[2026-01-31T22:42:44.430Z] File event: change C:\Users\Prais\projects\autopilot-test\.vscode\time-analytics.json
[2026-01-31T22:42:46.185Z] File event: change C:\Users\Prais\projects\autopilot-test\.vscode\time-analytics.json
[2026-01-31T22:42:47.934Z] File event: change C:\Users\Prais\projects\autopilot-test\.vscode\time-analytics.json
[2026-01-31T22:42:49.752Z] File event: change C:\Users\Prais\projects\autopilot-test\.vscode\time-analytics.json
[2026-01-31T22:42:51.426Z] File event: change C:\Users\Prais\projects\autopilot-test\.vscode\time-analytics.json
[2026-01-31T22:42:53.194Z] File event: change C:\Users\Prais\projects\autopilot-test\.vscode\time-analytics.json
[2026-01-31T22:42:54.959Z] File event: change C:\Users\Prais\projects\autopilot-test\.vscode\time-analytics.json
[2026-01-31T22:42:56.719Z] File event: change C:\Users\Prais\projects\autopilot-test\.vscode\time-analytics.json
[2026-01-31T22:42:58.486Z] File event: change C:\Users\Prais\projects\autopilot-test\.vscode\time-analytics.json
[2026-01-31T22:43:00.232Z] File event: change C:\Users\Prais\projects\autopilot-test\.vscode\time-analytics.json
[2026-01-31T22:43:01.987Z] File event: change C:\Users\Prais\projects\autopilot-test\.vscode\time-analytics.json
[2026-01-31T22:43:03.714Z] File event: change C:\Users\Prais\projects\autopilot-test\.vscode\time-analytics.json
[2026-01-31T22:43:05.483Z] File event: change C:\Users\Prais\projects\autopilot-test\.vscode\time-analytics.json
[2026-01-31T22:43:07.328Z] File event: change C:\Users\Prais\projects\autopilot-test\.vscode\time-analytics.json
[2026-01-31T22:43:09.102Z] File event: change C:\Users\Prais\projects\autopilot-test\.vscode\time-analytics.json
[2026-01-31T22:43:10.914Z] File event: change C:\Users\Prais\projects\autopilot-test\.vscode\time-analytics.json
[2026-01-31T22:43:12.657Z] File event: change C:\Users\Prais\projects\autopilot-test\.vscode\time-analytics.json
[2026-01-31T22:43:14.451Z] File event: change C:\Users\Prais\projects\autopilot-test\.vscode\time-analytics.json
[2026-01-31T22:43:16.211Z] File event: change C:\Users\Prais\projects\autopilot-test\.vscode\time-analytics.json
[2026-01-31T22:43:18.003Z] File event: change C:\Users\Prais\projects\autopilot-test\.vscode\time-analytics.json
[2026-01-31T22:43:19.764Z] File event: change C:\Users\Prais\projects\autopilot-test\.vscode\time-analytics.json
[2026-01-31T22:43:21.546Z] File event: change C:\Users\Prais\projects\autopilot-test\.vscode\time-analytics.json
[2026-01-31T22:43:23.282Z] File event: change C:\Users\Prais\projects\autopilot-test\.vscode\time-analytics.json
[2026-01-31T22:43:25.055Z] File event: change C:\Users\Prais\projects\autopilot-test\.vscode\time-analytics.json
[2026-01-31T22:43:26.889Z] File event: change C:\Users\Prais\projects\autopilot-test\.vscode\time-analytics.json
[2026-01-31T22:43:28.867Z] File event: change C:\Users\Prais\projects\autopilot-test\.vscode\time-analytics.json
[2026-01-31T22:43:30.805Z] File event: change C:\Users\Prais\projects\autopilot-test\.vscode\time-analytics.json
[2026-01-31T22:43:32.984Z] File event: change C:\Users\Prais\projects\autopilot-test\.vscode\time-analytics.json
[2026-01-31T22:43:35.215Z] File event: change C:\Users\Prais\projects\autopilot-test\.vscode\time-analytics.json
[2026-01-31T22:43:37.031Z] File event: change C:\Users\Prais\projects\autopilot-test\.vscode\time-analytics.json
[2026-01-31T22:43:38.883Z] File event: change C:\Users\Prais\projects\autopilot-test\.vscode\time-analytics.json
[2026-01-31T22:43:40.640Z] File event: change C:\Users\Prais\projects\autopilot-test\.vscode\time-analytics.json
[2026-01-31T22:43:42.417Z] File event: change C:\Users\Prais\projects\autopilot-test\.vscode\time-analytics.json
[2026-01-31T22:43:44.224Z] File event: change C:\Users\Prais\projects\autopilot-test\.vscode\time-analytics.json
[2026-01-31T22:43:46.084Z] File event: change C:\Users\Prais\projects\autopilot-test\.vscode\time-analytics.json
[2026-01-31T22:43:47.994Z] File event: change C:\Users\Prais\projects\autopilot-test\.vscode\time-analytics.json
[2026-01-31T22:43:50.077Z] File event: change C:\Users\Prais\projects\autopilot-test\.vscode\time-analytics.json
[2026-01-31T22:43:51.827Z] File event: change C:\Users\Prais\projects\autopilot-test\.vscode\time-analytics.json
[2026-01-31T22:43:53.576Z] File event: change C:\Users\Prais\projects\autopilot-test\.vscode\time-analytics.json
[2026-01-31T22:43:55.344Z] File event: change C:\Users\Prais\projects\autopilot-test\.vscode\time-analytics.json
[2026-01-31T22:43:57.091Z] File event: change C:\Users\Prais\projects\autopilot-test\.vscode\time-analytics.json
[2026-01-31T22:43:58.826Z] File event: change C:\Users\Prais\projects\autopilot-test\.vscode\time-analytics.json
[2026-01-31T22:44:00.559Z] File event: change C:\Users\Prais\projects\autopilot-test\.vscode\time-analytics.json
[2026-01-31T22:44:02.295Z] File event: change C:\Users\Prais\projects\autopilot-test\.vscode\time-analytics.json
[2026-01-31T22:44:03.963Z] File event: change C:\Users\Prais\projects\autopilot-test\.vscode\time-analytics.json
[2026-01-31T22:44:05.728Z] File event: change C:\Users\Prais\projects\autopilot-test\.vscode\time-analytics.json
[2026-01-31T22:44:07.558Z] File event: change C:\Users\Prais\projects\autopilot-test\.vscode\time-analytics.json
[2026-01-31T22:44:09.308Z] File event: change C:\Users\Prais\projects\autopilot-test\.vscode\time-analytics.json
[2026-01-31T22:44:11.044Z] File event: change C:\Users\Prais\projects\autopilot-test\.vscode\time-analytics.json
[2026-01-31T22:44:12.803Z] File event: change C:\Users\Prais\projects\autopilot-test\.vscode\time-analytics.json
[2026-01-31T22:44:14.704Z] File event: change C:\Users\Prais\projects\autopilot-test\.vscode\time-analytics.json
[2026-01-31T22:44:16.432Z] File event: change C:\Users\Prais\projects\autopilot-test\.vscode\time-analytics.json
[2026-01-31T22:44:18.171Z] File event: change C:\Users\Prais\projects\autopilot-test\.vscode\time-analytics.json
[2026-01-31T22:44:19.897Z] File event: change C:\Users\Prais\projects\autopilot-test\.vscode\time-analytics.json
[2026-01-31T22:44:21.650Z] File event: change C:\Users\Prais\projects\autopilot-test\.vscode\time-analytics.json
[2026-01-31T22:44:23.364Z] File event: change C:\Users\Prais\projects\autopilot-test\.vscode\time-analytics.json
[2026-01-31T22:44:25.041Z] File event: change C:\Users\Prais\projects\autopilot-test\.vscode\time-analytics.json
[2026-01-31T22:44:26.829Z] File event: change C:\Users\Prais\projects\autopilot-test\.vscode\time-analytics.json
[2026-01-31T22:44:28.574Z] File event: change C:\Users\Prais\projects\autopilot-test\.vscode\time-analytics.json
[2026-01-31T22:44:30.335Z] File event: change C:\Users\Prais\projects\autopilot-test\.vscode\time-analytics.json
[2026-01-31T22:44:32.067Z] File event: change C:\Users\Prais\projects\autopilot-test\.vscode\time-analytics.json
[2026-01-31T22:44:33.834Z] File event: change C:\Users\Prais\projects\autopilot-test\.vscode\time-analytics.json
[2026-01-31T22:44:35.785Z] File event: change C:\Users\Prais\projects\autopilot-test\.vscode\time-analytics.json
[2026-01-31T22:44:37.539Z] File event: change C:\Users\Prais\projects\autopilot-test\.vscode\time-analytics.json
[2026-01-31T22:44:39.341Z] File event: change C:\Users\Prais\projects\autopilot-test\.vscode\time-analytics.json
[2026-01-31T22:44:41.130Z] File event: change C:\Users\Prais\projects\autopilot-test\.vscode\time-analytics.json
[2026-01-31T22:44:42.832Z] File event: change C:\Users\Prais\projects\autopilot-test\.vscode\time-analytics.json
[2026-01-31T22:44:44.597Z] File event: change C:\Users\Prais\projects\autopilot-test\.vscode\time-analytics.json
[2026-01-31T22:44:46.359Z] File event: change C:\Users\Prais\projects\autopilot-test\.vscode\time-analytics.json
[2026-01-31T22:44:48.181Z] File event: change C:\Users\Prais\projects\autopilot-test\.vscode\time-analytics.json
[2026-01-31T22:44:49.936Z] File event: change C:\Users\Prais\projects\autopilot-test\.vscode\time-analytics.json
[2026-01-31T22:44:51.923Z] File event: change C:\Users\Prais\projects\autopilot-test\.vscode\time-analytics.json
[2026-01-31T22:44:53.673Z] File event: change C:\Users\Prais\projects\autopilot-test\.vscode\time-analytics.json
[2026-01-31T22:44:55.442Z] File event: change C:\Users\Prais\projects\autopilot-test\.vscode\time-analytics.json
[2026-01-31T22:44:57.173Z] File event: change C:\Users\Prais\projects\autopilot-test\.vscode\time-analytics.json
[2026-01-31T22:44:58.934Z] File event: change C:\Users\Prais\projects\autopilot-test\.vscode\time-analytics.json
[2026-01-31T22:45:00.736Z] File event: change C:\Users\Prais\projects\autopilot-test\.vscode\time-analytics.json
[2026-01-31T22:45:02.517Z] File event: change C:\Users\Prais\projects\autopilot-test\.vscode\time-analytics.json
[2026-01-31T22:45:04.281Z] File event: change C:\Users\Prais\projects\autopilot-test\.vscode\time-analytics.json
[2026-01-31T22:45:06.030Z] File event: change C:\Users\Prais\projects\autopilot-test\.vscode\time-analytics.json
[2026-01-31T22:45:07.801Z] File event: change C:\Users\Prais\projects\autopilot-test\.vscode\time-analytics.json
[2026-01-31T22:45:09.580Z] File event: change C:\Users\Prais\projects\autopilot-test\.vscode\time-analytics.json
[2026-01-31T22:45:11.359Z] File event: change C:\Users\Prais\projects\autopilot-test\.vscode\time-analytics.json
[2026-01-31T22:45:13.094Z] File event: change C:\Users\Prais\projects\autopilot-test\.vscode\time-analytics.json
[2026-01-31T22:45:14.840Z] File event: change C:\Users\Prais\projects\autopilot-test\.vscode\time-analytics.json
[2026-01-31T22:45:16.592Z] File event: change C:\Users\Prais\projects\autopilot-test\.vscode\time-analytics.json
[2026-01-31T22:45:18.250Z] File event: change C:\Users\Prais\projects\autopilot-test\.vscode\time-analytics.json
[2026-01-31T22:45:20.009Z] File event: change C:\Users\Prais\projects\autopilot-test\.vscode\time-analytics.json
[2026-01-31T22:45:21.670Z] File event: change C:\Users\Prais\projects\autopilot-test\.vscode\time-analytics.json
[2026-01-31T22:45:23.419Z] File event: change C:\Users\Prais\projects\autopilot-test\.vscode\time-analytics.json
[2026-01-31T22:45:25.075Z] File event: change C:\Users\Prais\projects\autopilot-test\.vscode\time-analytics.json
[2026-01-31T22:45:26.811Z] File event: change C:\Users\Prais\projects\autopilot-test\.vscode\time-analytics.json
[2026-01-31T22:45:28.450Z] File event: change C:\Users\Prais\projects\autopilot-test\.vscode\time-analytics.json
[2026-01-31T22:45:30.186Z] File event: change C:\Users\Prais\projects\autopilot-test\.vscode\time-analytics.json
[2026-01-31T22:45:31.827Z] File event: change C:\Users\Prais\projects\autopilot-test\.vscode\time-analytics.json
[2026-01-31T22:45:33.559Z] File event: change C:\Users\Prais\projects\autopilot-test\.vscode\time-analytics.json
[2026-01-31T22:45:35.263Z] File event: change C:\Users\Prais\projects\autopilot-test\.vscode\time-analytics.json
[2026-01-31T22:45:37.000Z] File event: change C:\Users\Prais\projects\autopilot-test\.vscode\time-analytics.json
[2026-01-31T22:45:38.749Z] File event: change C:\Users\Prais\projects\autopilot-test\.vscode\time-analytics.json
[2026-01-31T22:45:40.483Z] File event: change C:\Users\Prais\projects\autopilot-test\.vscode\time-analytics.json
[2026-01-31T22:45:42.148Z] File event: change C:\Users\Prais\projects\autopilot-test\.vscode\time-analytics.json
[2026-01-31T22:45:43.796Z] File event: change C:\Users\Prais\projects\autopilot-test\.vscode\time-analytics.json
[2026-01-31T22:45:45.531Z] File event: change C:\Users\Prais\projects\autopilot-test\.vscode\time-analytics.json
[2026-01-31T22:45:47.194Z] File event: change C:\Users\Prais\projects\autopilot-test\.vscode\time-analytics.json
[2026-01-31T22:45:48.845Z] File event: change C:\Users\Prais\projects\autopilot-test\.vscode\time-analytics.json
[2026-01-31T22:45:50.576Z] File event: change C:\Users\Prais\projects\autopilot-test\.vscode\time-analytics.json
[2026-01-31T22:45:52.312Z] File event: change C:\Users\Prais\projects\autopilot-test\.vscode\time-analytics.json
[2026-01-31T22:45:53.950Z] File event: change C:\Users\Prais\projects\autopilot-test\.vscode\time-analytics.json
[2026-01-31T22:45:55.703Z] File event: change C:\Users\Prais\projects\autopilot-test\.vscode\time-analytics.json
[2026-01-31T22:45:57.419Z] File event: change C:\Users\Prais\projects\autopilot-test\.vscode\time-analytics.json
[2026-01-31T22:45:59.139Z] File event: change C:\Users\Prais\projects\autopilot-test\.vscode\time-analytics.json
[2026-01-31T22:46:00.781Z] File event: change C:\Users\Prais\projects\autopilot-test\.vscode\time-analytics.json
[2026-01-31T22:46:02.514Z] File event: change C:\Users\Prais\projects\autopilot-test\.vscode\time-analytics.json
[2026-01-31T22:46:04.222Z] File event: change C:\Users\Prais\projects\autopilot-test\.vscode\time-analytics.json
[2026-01-31T22:46:05.948Z] File event: change C:\Users\Prais\projects\autopilot-test\.vscode\time-analytics.json
[2026-01-31T22:46:07.628Z] File event: change C:\Users\Prais\projects\autopilot-test\.vscode\time-analytics.json
[2026-01-31T22:46:09.401Z] File event: change C:\Users\Prais\projects\autopilot-test\.vscode\time-analytics.json
[2026-01-31T22:46:11.124Z] File event: change C:\Users\Prais\projects\autopilot-test\.vscode\time-analytics.json
[2026-01-31T22:46:12.905Z] File event: change C:\Users\Prais\projects\autopilot-test\.vscode\time-analytics.json
[2026-01-31T22:46:14.640Z] File event: change C:\Users\Prais\projects\autopilot-test\.vscode\time-analytics.json
[2026-01-31T22:46:16.374Z] File event: change C:\Users\Prais\projects\autopilot-test\.vscode\time-analytics.json
[2026-01-31T22:46:18.091Z] File event: change C:\Users\Prais\projects\autopilot-test\.vscode\time-analytics.json
[2026-01-31T22:46:19.749Z] File event: change C:\Users\Prais\projects\autopilot-test\.vscode\time-analytics.json
[2026-01-31T22:46:21.501Z] File event: change C:\Users\Prais\projects\autopilot-test\.vscode\time-analytics.json
[2026-01-31T22:46:23.256Z] File event: change C:\Users\Prais\projects\autopilot-test\.vscode\time-analytics.json
[2026-01-31T22:46:24.999Z] File event: change C:\Users\Prais\projects\autopilot-test\.vscode\time-analytics.json
[2026-01-31T22:46:26.717Z] File event: change C:\Users\Prais\projects\autopilot-test\.vscode\time-analytics.json
[2026-01-31T22:46:28.457Z] File event: change C:\Users\Prais\projects\autopilot-test\.vscode\time-analytics.json
[2026-01-31T22:46:30.203Z] File event: change C:\Users\Prais\projects\autopilot-test\.vscode\time-analytics.json
[2026-01-31T22:46:31.923Z] File event: change C:\Users\Prais\projects\autopilot-test\.vscode\time-analytics.json
[2026-01-31T22:46:33.666Z] File event: change C:\Users\Prais\projects\autopilot-test\.vscode\time-analytics.json
[2026-01-31T22:46:35.404Z] File event: change C:\Users\Prais\projects\autopilot-test\.vscode\time-analytics.json
[2026-01-31T22:46:37.063Z] File event: change C:\Users\Prais\projects\autopilot-test\.vscode\time-analytics.json
[2026-01-31T22:46:38.797Z] File event: change C:\Users\Prais\projects\autopilot-test\.vscode\time-analytics.json
[2026-01-31T22:46:40.530Z] File event: change C:\Users\Prais\projects\autopilot-test\.vscode\time-analytics.json
[2026-01-31T22:46:42.297Z] File event: change C:\Users\Prais\projects\autopilot-test\.vscode\time-analytics.json
[2026-01-31T22:46:44.060Z] File event: change C:\Users\Prais\projects\autopilot-test\.vscode\time-analytics.json
[2026-01-31T22:46:45.813Z] File event: change C:\Users\Prais\projects\autopilot-test\.vscode\time-analytics.json
[2026-01-31T22:46:47.576Z] File event: change C:\Users\Prais\projects\autopilot-test\.vscode\time-analytics.json
[2026-01-31T22:46:49.329Z] File event: change C:\Users\Prais\projects\autopilot-test\.vscode\time-analytics.json
[2026-01-31T22:46:51.000Z] File event: change C:\Users\Prais\projects\autopilot-test\.vscode\time-analytics.json
[2026-01-31T22:46:52.714Z] File event: change C:\Users\Prais\projects\autopilot-test\.vscode\time-analytics.json
[2026-01-31T22:46:54.467Z] File event: change C:\Users\Prais\projects\autopilot-test\.vscode\time-analytics.json
[2026-01-31T22:46:56.185Z] File event: change C:\Users\Prais\projects\autopilot-test\.vscode\time-analytics.json
[2026-01-31T22:46:58.114Z] File event: change C:\Users\Prais\projects\autopilot-test\.vscode\time-analytics.json
[2026-01-31T22:46:59.842Z] File event: change C:\Users\Prais\projects\autopilot-test\.vscode\time-analytics.json
[2026-01-31T22:47:01.671Z] File event: change C:\Users\Prais\projects\autopilot-test\.vscode\time-analytics.json
[2026-01-31T22:47:03.454Z] File event: change C:\Users\Prais\projects\autopilot-test\.vscode\time-analytics.json
[2026-01-31T22:47:05.185Z] File event: change C:\Users\Prais\projects\autopilot-test\.vscode\time-analytics.json
[2026-01-31T22:47:06.935Z] File event: change C:\Users\Prais\projects\autopilot-test\.vscode\time-analytics.json
[2026-01-31T22:47:08.655Z] File event: change C:\Users\Prais\projects\autopilot-test\.vscode\time-analytics.json
[2026-01-31T22:47:10.437Z] File event: change C:\Users\Prais\projects\autopilot-test\.vscode\time-analytics.json
[2026-01-31T22:47:12.076Z] File event: change C:\Users\Prais\projects\autopilot-test\.vscode\time-analytics.json
[2026-01-31T22:47:13.815Z] File event: change C:\Users\Prais\projects\autopilot-test\.vscode\time-analytics.json
[2026-01-31T22:47:15.559Z] File event: change C:\Users\Prais\projects\autopilot-test\.vscode\time-analytics.json
[2026-01-31T22:47:17.309Z] File event: change C:\Users\Prais\projects\autopilot-test\.vscode\time-analytics.json
[2026-01-31T22:47:19.057Z] File event: change C:\Users\Prais\projects\autopilot-test\.vscode\time-analytics.json
[2026-01-31T22:47:20.716Z] File event: change C:\Users\Prais\projects\autopilot-test\.vscode\time-analytics.json
[2026-01-31T22:47:22.436Z] File event: change C:\Users\Prais\projects\autopilot-test\.vscode\time-analytics.json
[2026-01-31T22:47:24.172Z] File event: change C:\Users\Prais\projects\autopilot-test\.vscode\time-analytics.json
[2026-01-31T22:47:25.911Z] File event: change C:\Users\Prais\projects\autopilot-test\.vscode\time-analytics.json
[2026-01-31T22:47:27.654Z] File event: change C:\Users\Prais\projects\autopilot-test\.vscode\time-analytics.json
[2026-01-31T22:47:29.384Z] File event: change C:\Users\Prais\projects\autopilot-test\.vscode\time-analytics.json
[2026-01-31T22:47:31.109Z] File event: change C:\Users\Prais\projects\autopilot-test\.vscode\time-analytics.json
[2026-01-31T22:47:32.826Z] File event: change C:\Users\Prais\projects\autopilot-test\.vscode\time-analytics.json
[2026-01-31T22:47:34.606Z] File event: change C:\Users\Prais\projects\autopilot-test\.vscode\time-analytics.json
[2026-01-31T22:47:36.311Z] File event: change C:\Users\Prais\projects\autopilot-test\.vscode\time-analytics.json
[2026-01-31T22:47:38.064Z] File event: change C:\Users\Prais\projects\autopilot-test\.vscode\time-analytics.json
[2026-01-31T22:47:39.813Z] File event: change C:\Users\Prais\projects\autopilot-test\.vscode\time-analytics.json
[2026-01-31T22:47:41.562Z] File event: change C:\Users\Prais\projects\autopilot-test\.vscode\time-analytics.json
[2026-01-31T22:47:43.297Z] File event: change C:\Users\Prais\projects\autopilot-test\.vscode\time-analytics.json
[2026-01-31T22:47:45.062Z] File event: change C:\Users\Prais\projects\autopilot-test\.vscode\time-analytics.json
[2026-01-31T22:47:46.828Z] File event: change C:\Users\Prais\projects\autopilot-test\.vscode\time-analytics.json
[2026-01-31T22:47:48.485Z] File event: change C:\Users\Prais\projects\autopilot-test\.vscode\time-analytics.json
[2026-01-31T22:47:50.242Z] File event: change C:\Users\Prais\projects\autopilot-test\.vscode\time-analytics.json
[2026-01-31T22:47:52.003Z] File event: change C:\Users\Prais\projects\autopilot-test\.vscode\time-analytics.json
[2026-01-31T22:47:53.733Z] File event: change C:\Users\Prais\projects\autopilot-test\.vscode\time-analytics.json
[2026-01-31T22:47:55.483Z] File event: change C:\Users\Prais\projects\autopilot-test\.vscode\time-analytics.json
[2026-01-31T22:47:57.233Z] File event: change C:\Users\Prais\projects\autopilot-test\.vscode\time-analytics.json
[2026-01-31T22:47:58.964Z] File event: change C:\Users\Prais\projects\autopilot-test\.vscode\time-analytics.json
[2026-01-31T22:48:00.734Z] File event: change C:\Users\Prais\projects\autopilot-test\.vscode\time-analytics.json
[2026-01-31T22:48:02.483Z] File event: change C:\Users\Prais\projects\autopilot-test\.vscode\time-analytics.json
[2026-01-31T22:48:04.201Z] File event: change C:\Users\Prais\projects\autopilot-test\.vscode\time-analytics.json
[2026-01-31T22:48:05.953Z] File event: change C:\Users\Prais\projects\autopilot-test\.vscode\time-analytics.json
[2026-01-31T22:48:07.719Z] File event: change C:\Users\Prais\projects\autopilot-test\.vscode\time-analytics.json
[2026-01-31T22:48:09.375Z] File event: change C:\Users\Prais\projects\autopilot-test\.vscode\time-analytics.json
[2026-01-31T22:48:11.039Z] File event: change C:\Users\Prais\projects\autopilot-test\.vscode\time-analytics.json
[2026-01-31T22:48:12.839Z] File event: change C:\Users\Prais\projects\autopilot-test\.vscode\time-analytics.json
[2026-01-31T22:48:14.698Z] File event: change C:\Users\Prais\projects\autopilot-test\.vscode\time-analytics.json
[2026-01-31T22:48:16.426Z] File event: change C:\Users\Prais\projects\autopilot-test\.vscode\time-analytics.json
[2026-01-31T22:48:18.145Z] File event: change C:\Users\Prais\projects\autopilot-test\.vscode\time-analytics.json
[2026-01-31T22:48:19.865Z] File event: change C:\Users\Prais\projects\autopilot-test\.vscode\time-analytics.json
[2026-01-31T22:48:21.598Z] File event: change C:\Users\Prais\projects\autopilot-test\.vscode\time-analytics.json
[2026-01-31T22:48:23.370Z] File event: change C:\Users\Prais\projects\autopilot-test\.vscode\time-analytics.json
[2026-01-31T22:48:25.141Z] File event: change C:\Users\Prais\projects\autopilot-test\.vscode\time-analytics.json
[2026-01-31T22:48:26.890Z] File event: change C:\Users\Prais\projects\autopilot-test\.vscode\time-analytics.json
[2026-01-31T22:48:28.625Z] File event: change C:\Users\Prais\projects\autopilot-test\.vscode\time-analytics.json
[2026-01-31T22:48:30.285Z] File event: change C:\Users\Prais\projects\autopilot-test\.vscode\time-analytics.json
[2026-01-31T22:48:32.037Z] File event: change C:\Users\Prais\projects\autopilot-test\.vscode\time-analytics.json
[2026-01-31T22:48:33.796Z] File event: change C:\Users\Prais\projects\autopilot-test\.vscode\time-analytics.json
[2026-01-31T22:48:35.562Z] File event: change C:\Users\Prais\projects\autopilot-test\.vscode\time-analytics.json
[2026-01-31T22:48:37.264Z] File event: change C:\Users\Prais\projects\autopilot-test\.vscode\time-analytics.json
[2026-01-31T22:48:39.016Z] File event: change C:\Users\Prais\projects\autopilot-test\.vscode\time-analytics.json
[2026-01-31T22:48:40.688Z] File event: change C:\Users\Prais\projects\autopilot-test\.vscode\time-analytics.json
[2026-01-31T22:48:42.423Z] File event: change C:\Users\Prais\projects\autopilot-test\.vscode\time-analytics.json
[2026-01-31T22:48:44.144Z] File event: change C:\Users\Prais\projects\autopilot-test\.vscode\time-analytics.json
[2026-01-31T22:48:45.860Z] File event: change C:\Users\Prais\projects\autopilot-test\.vscode\time-analytics.json
[2026-01-31T22:48:47.612Z] File event: change C:\Users\Prais\projects\autopilot-test\.vscode\time-analytics.json
[2026-01-31T22:48:49.373Z] File event: change C:\Users\Prais\projects\autopilot-test\.vscode\time-analytics.json
[2026-01-31T22:48:51.139Z] File event: change C:\Users\Prais\projects\autopilot-test\.vscode\time-analytics.json
[2026-01-31T22:48:52.796Z] File event: change C:\Users\Prais\projects\autopilot-test\.vscode\time-analytics.json
[2026-01-31T22:48:54.557Z] File event: change C:\Users\Prais\projects\autopilot-test\.vscode\time-analytics.json
[2026-01-31T22:48:56.315Z] File event: change C:\Users\Prais\projects\autopilot-test\.vscode\time-analytics.json
[2026-01-31T22:48:58.075Z] File event: change C:\Users\Prais\projects\autopilot-test\.vscode\time-analytics.json
[2026-01-31T22:48:59.827Z] File event: change C:\Users\Prais\projects\autopilot-test\.vscode\time-analytics.json
[2026-01-31T22:49:01.618Z] File event: change C:\Users\Prais\projects\autopilot-test\.vscode\time-analytics.json
[2026-01-31T22:49:03.399Z] File event: change C:\Users\Prais\projects\autopilot-test\.vscode\time-analytics.json
[2026-01-31T22:49:05.150Z] File event: change C:\Users\Prais\projects\autopilot-test\.vscode\time-analytics.json
[2026-01-31T22:49:06.921Z] File event: change C:\Users\Prais\projects\autopilot-test\.vscode\time-analytics.json
[2026-01-31T22:49:08.604Z] File event: change C:\Users\Prais\projects\autopilot-test\.vscode\time-analytics.json
[2026-01-31T22:49:10.560Z] File event: change C:\Users\Prais\projects\autopilot-test\.vscode\time-analytics.json
[2026-01-31T22:49:12.364Z] File event: change C:\Users\Prais\projects\autopilot-test\.vscode\time-analytics.json
[2026-01-31T22:49:14.144Z] File event: change C:\Users\Prais\projects\autopilot-test\.vscode\time-analytics.json
[2026-01-31T22:49:16.208Z] File event: change C:\Users\Prais\projects\autopilot-test\.vscode\time-analytics.json
[2026-01-31T22:49:18.052Z] File event: change C:\Users\Prais\projects\autopilot-test\.vscode\time-analytics.json
[2026-01-31T22:49:19.927Z] File event: change C:\Users\Prais\projects\autopilot-test\.vscode\time-analytics.json
[2026-01-31T22:49:21.833Z] File event: change C:\Users\Prais\projects\autopilot-test\.vscode\time-analytics.json
[2026-01-31T22:49:23.625Z] File event: change C:\Users\Prais\projects\autopilot-test\.vscode\time-analytics.json
[2026-01-31T22:49:25.394Z] File event: change C:\Users\Prais\projects\autopilot-test\.vscode\time-analytics.json
[2026-01-31T22:49:27.172Z] File event: change C:\Users\Prais\projects\autopilot-test\.vscode\time-analytics.json
[2026-01-31T22:49:28.892Z] File event: change C:\Users\Prais\projects\autopilot-test\.vscode\time-analytics.json
[2026-01-31T22:49:30.673Z] File event: change C:\Users\Prais\projects\autopilot-test\.vscode\time-analytics.json
[2026-01-31T22:49:32.453Z] File event: change C:\Users\Prais\projects\autopilot-test\.vscode\time-analytics.json
[2026-01-31T22:49:34.276Z] File event: change C:\Users\Prais\projects\autopilot-test\.vscode\time-analytics.json
[2026-01-31T22:49:36.028Z] File event: change C:\Users\Prais\projects\autopilot-test\.vscode\time-analytics.json
[2026-01-31T22:49:37.776Z] File event: change C:\Users\Prais\projects\autopilot-test\.vscode\time-analytics.json
[2026-01-31T22:49:39.492Z] File event: change C:\Users\Prais\projects\autopilot-test\.vscode\time-analytics.json
[2026-01-31T22:49:41.229Z] File event: change C:\Users\Prais\projects\autopilot-test\.vscode\time-analytics.json
[2026-01-31T22:49:42.969Z] File event: change C:\Users\Prais\projects\autopilot-test\.vscode\time-analytics.json
[2026-01-31T22:49:44.689Z] File event: change C:\Users\Prais\projects\autopilot-test\.vscode\time-analytics.json
[2026-01-31T22:49:46.404Z] File event: change C:\Users\Prais\projects\autopilot-test\.vscode\time-analytics.json
[2026-01-31T22:49:48.172Z] File event: change C:\Users\Prais\projects\autopilot-test\.vscode\time-analytics.json
[2026-01-31T22:49:49.896Z] File event: change C:\Users\Prais\projects\autopilot-test\.vscode\time-analytics.json
[2026-01-31T22:49:51.638Z] File event: change C:\Users\Prais\projects\autopilot-test\.vscode\time-analytics.json
[2026-01-31T22:49:53.368Z] File event: change C:\Users\Prais\projects\autopilot-test\.vscode\time-analytics.json
[2026-01-31T22:49:55.116Z] File event: change C:\Users\Prais\projects\autopilot-test\.vscode\time-analytics.json
[2026-01-31T22:49:56.862Z] File event: change C:\Users\Prais\projects\autopilot-test\.vscode\time-analytics.json
[2026-01-31T22:49:58.624Z] File event: change C:\Users\Prais\projects\autopilot-test\.vscode\time-analytics.json
[2026-01-31T22:50:00.360Z] File event: change C:\Users\Prais\projects\autopilot-test\.vscode\time-analytics.json
[2026-01-31T22:50:02.104Z] File event: change C:\Users\Prais\projects\autopilot-test\.vscode\time-analytics.json
[2026-01-31T22:50:03.842Z] File event: change C:\Users\Prais\projects\autopilot-test\.vscode\time-analytics.json
[2026-01-31T22:50:05.578Z] File event: change C:\Users\Prais\projects\autopilot-test\.vscode\time-analytics.json
[2026-01-31T22:50:07.329Z] File event: change C:\Users\Prais\projects\autopilot-test\.vscode\time-analytics.json
[2026-01-31T22:50:09.061Z] File event: change C:\Users\Prais\projects\autopilot-test\.vscode\time-analytics.json
[2026-01-31T22:50:10.810Z] File event: change C:\Users\Prais\projects\autopilot-test\.vscode\time-analytics.json
[2026-01-31T22:50:12.489Z] File event: change C:\Users\Prais\projects\autopilot-test\.vscode\time-analytics.json
[2026-01-31T22:50:14.251Z] File event: change C:\Users\Prais\projects\autopilot-test\.vscode\time-analytics.json
[2026-01-31T22:50:15.997Z] File event: change C:\Users\Prais\projects\autopilot-test\.vscode\time-analytics.json
[2026-01-31T22:50:17.666Z] File event: change C:\Users\Prais\projects\autopilot-test\.vscode\time-analytics.json
[2026-01-31T22:50:19.404Z] File event: change C:\Users\Prais\projects\autopilot-test\.vscode\time-analytics.json
[2026-01-31T22:50:21.138Z] File event: change C:\Users\Prais\projects\autopilot-test\.vscode\time-analytics.json
[2026-01-31T22:50:22.875Z] File event: change C:\Users\Prais\projects\autopilot-test\.vscode\time-analytics.json
[2026-01-31T22:50:24.530Z] File event: change C:\Users\Prais\projects\autopilot-test\.vscode\time-analytics.json
[2026-01-31T22:50:26.267Z] File event: change C:\Users\Prais\projects\autopilot-test\.vscode\time-analytics.json
[2026-01-31T22:50:27.999Z] File event: change C:\Users\Prais\projects\autopilot-test\.vscode\time-analytics.json
[2026-01-31T22:50:29.749Z] File event: change C:\Users\Prais\projects\autopilot-test\.vscode\time-analytics.json
[2026-01-31T22:50:31.416Z] File event: change C:\Users\Prais\projects\autopilot-test\.vscode\time-analytics.json
[2026-01-31T22:50:33.185Z] File event: change C:\Users\Prais\projects\autopilot-test\.vscode\time-analytics.json
[2026-01-31T22:50:34.936Z] File event: change C:\Users\Prais\projects\autopilot-test\.vscode\time-analytics.json
[2026-01-31T22:50:36.687Z] File event: change C:\Users\Prais\projects\autopilot-test\.vscode\time-analytics.json
[2026-01-31T22:50:38.491Z] File event: change C:\Users\Prais\projects\autopilot-test\.vscode\time-analytics.json
[2026-01-31T22:50:40.226Z] File event: change C:\Users\Prais\projects\autopilot-test\.vscode\time-analytics.json
[2026-01-31T22:50:41.948Z] File event: change C:\Users\Prais\projects\autopilot-test\.vscode\time-analytics.json
[2026-01-31T22:50:43.699Z] File event: change C:\Users\Prais\projects\autopilot-test\.vscode\time-analytics.json
[2026-01-31T22:50:45.447Z] File event: change C:\Users\Prais\projects\autopilot-test\.vscode\time-analytics.json
[2026-01-31T22:50:47.092Z] File event: change C:\Users\Prais\projects\autopilot-test\.vscode\time-analytics.json
[2026-01-31T22:50:48.842Z] File event: change C:\Users\Prais\projects\autopilot-test\.vscode\time-analytics.json
[2026-01-31T22:50:50.580Z] File event: change C:\Users\Prais\projects\autopilot-test\.vscode\time-analytics.json
[2026-01-31T22:50:52.326Z] File event: change C:\Users\Prais\projects\autopilot-test\.vscode\time-analytics.json
[2026-01-31T22:50:54.062Z] File event: change C:\Users\Prais\projects\autopilot-test\.vscode\time-analytics.json
[2026-01-31T22:50:55.774Z] File event: change C:\Users\Prais\projects\autopilot-test\.vscode\time-analytics.json
[2026-01-31T22:50:57.503Z] File event: change C:\Users\Prais\projects\autopilot-test\.vscode\time-analytics.json
[2026-01-31T22:50:59.227Z] File event: change C:\Users\Prais\projects\autopilot-test\.vscode\time-analytics.json
[2026-01-31T22:51:01.001Z] File event: change C:\Users\Prais\projects\autopilot-test\.vscode\time-analytics.json
[2026-01-31T22:51:02.873Z] File event: change C:\Users\Prais\projects\autopilot-test\.vscode\time-analytics.json
[2026-01-31T22:51:04.701Z] File event: change C:\Users\Prais\projects\autopilot-test\.vscode\time-analytics.json
[2026-01-31T22:51:06.439Z] File event: change C:\Users\Prais\projects\autopilot-test\.vscode\time-analytics.json
[2026-01-31T22:51:08.185Z] File event: change C:\Users\Prais\projects\autopilot-test\.vscode\time-analytics.json
[2026-01-31T22:51:09.907Z] File event: change C:\Users\Prais\projects\autopilot-test\.vscode\time-analytics.json
[2026-01-31T22:51:11.649Z] File event: change C:\Users\Prais\projects\autopilot-test\.vscode\time-analytics.json
[2026-01-31T22:51:13.334Z] File event: change C:\Users\Prais\projects\autopilot-test\.vscode\time-analytics.json
[2026-01-31T22:51:15.075Z] File event: change C:\Users\Prais\projects\autopilot-test\.vscode\time-analytics.json
[2026-01-31T22:51:16.812Z] File event: change C:\Users\Prais\projects\autopilot-test\.vscode\time-analytics.json
[2026-01-31T22:51:18.616Z] File event: change C:\Users\Prais\projects\autopilot-test\.vscode\time-analytics.json
[2026-01-31T22:51:20.368Z] File event: change C:\Users\Prais\projects\autopilot-test\.vscode\time-analytics.json
[2026-01-31T22:51:22.109Z] File event: change C:\Users\Prais\projects\autopilot-test\.vscode\time-analytics.json
[2026-01-31T22:51:23.844Z] File event: change C:\Users\Prais\projects\autopilot-test\.vscode\time-analytics.json
[2026-01-31T22:51:25.594Z] File event: change C:\Users\Prais\projects\autopilot-test\.vscode\time-analytics.json
[2026-01-31T22:51:27.469Z] File event: change C:\Users\Prais\projects\autopilot-test\.vscode\time-analytics.json
[2026-01-31T22:51:29.235Z] File event: change C:\Users\Prais\projects\autopilot-test\.vscode\time-analytics.json
[2026-01-31T22:51:31.053Z] File event: change C:\Users\Prais\projects\autopilot-test\.vscode\time-analytics.json
[2026-01-31T22:51:32.844Z] File event: change C:\Users\Prais\projects\autopilot-test\.vscode\time-analytics.json
[2026-01-31T22:51:34.645Z] File event: change C:\Users\Prais\projects\autopilot-test\.vscode\time-analytics.json
[2026-01-31T22:51:36.404Z] File event: change C:\Users\Prais\projects\autopilot-test\.vscode\time-analytics.json
[2026-01-31T22:51:38.061Z] File event: change C:\Users\Prais\projects\autopilot-test\.vscode\time-analytics.json
[2026-01-31T22:51:39.803Z] File event: change C:\Users\Prais\projects\autopilot-test\.vscode\time-analytics.json
[2026-01-31T22:51:41.531Z] File event: change C:\Users\Prais\projects\autopilot-test\.vscode\time-analytics.json
[2026-01-31T22:51:43.233Z] File event: change C:\Users\Prais\projects\autopilot-test\.vscode\time-analytics.json
[2026-01-31T22:51:44.934Z] File event: change C:\Users\Prais\projects\autopilot-test\.vscode\time-analytics.json
[2026-01-31T22:51:46.747Z] File event: change C:\Users\Prais\projects\autopilot-test\.vscode\time-analytics.json
[2026-01-31T22:51:48.489Z] File event: change C:\Users\Prais\projects\autopilot-test\.vscode\time-analytics.json
[2026-01-31T22:51:50.208Z] File event: change C:\Users\Prais\projects\autopilot-test\.vscode\time-analytics.json
[2026-01-31T22:51:51.943Z] File event: change C:\Users\Prais\projects\autopilot-test\.vscode\time-analytics.json
[2026-01-31T22:51:53.701Z] File event: change C:\Users\Prais\projects\autopilot-test\.vscode\time-analytics.json
[2026-01-31T22:51:55.401Z] File event: change C:\Users\Prais\projects\autopilot-test\.vscode\time-analytics.json
[2026-01-31T22:51:57.134Z] File event: change C:\Users\Prais\projects\autopilot-test\.vscode\time-analytics.json
[2026-01-31T22:51:58.875Z] File event: change C:\Users\Prais\projects\autopilot-test\.vscode\time-analytics.json
[2026-01-31T22:52:00.623Z] File event: change C:\Users\Prais\projects\autopilot-test\.vscode\time-analytics.json
[2026-01-31T22:52:02.358Z] File event: change C:\Users\Prais\projects\autopilot-test\.vscode\time-analytics.json
[2026-01-31T22:52:04.014Z] File event: change C:\Users\Prais\projects\autopilot-test\.vscode\time-analytics.json
[2026-01-31T22:52:05.749Z] File event: change C:\Users\Prais\projects\autopilot-test\.vscode\time-analytics.json
[2026-01-31T22:52:07.497Z] File event: change C:\Users\Prais\projects\autopilot-test\.vscode\time-analytics.json
[2026-01-31T22:52:09.249Z] File event: change C:\Users\Prais\projects\autopilot-test\.vscode\time-analytics.json
[2026-01-31T22:52:10.990Z] File event: change C:\Users\Prais\projects\autopilot-test\.vscode\time-analytics.json
[2026-01-31T22:52:12.732Z] File event: change C:\Users\Prais\projects\autopilot-test\.vscode\time-analytics.json
[2026-01-31T22:52:14.468Z] File event: change C:\Users\Prais\projects\autopilot-test\.vscode\time-analytics.json
[2026-01-31T22:52:16.201Z] File event: change C:\Users\Prais\projects\autopilot-test\.vscode\time-analytics.json
[2026-01-31T22:52:17.841Z] File event: change C:\Users\Prais\projects\autopilot-test\.vscode\time-analytics.json
[2026-01-31T22:52:19.591Z] File event: change C:\Users\Prais\projects\autopilot-test\.vscode\time-analytics.json
[2026-01-31T22:52:21.248Z] File event: change C:\Users\Prais\projects\autopilot-test\.vscode\time-analytics.json
[2026-01-31T22:52:22.888Z] File event: change C:\Users\Prais\projects\autopilot-test\.vscode\time-analytics.json
[2026-01-31T22:52:24.623Z] File event: change C:\Users\Prais\projects\autopilot-test\.vscode\time-analytics.json
[2026-01-31T22:52:26.372Z] File event: change C:\Users\Prais\projects\autopilot-test\.vscode\time-analytics.json
[2026-01-31T22:52:28.128Z] File event: change C:\Users\Prais\projects\autopilot-test\.vscode\time-analytics.json
[2026-01-31T22:52:29.888Z] File event: change C:\Users\Prais\projects\autopilot-test\.vscode\time-analytics.json
[2026-01-31T22:52:31.639Z] File event: change C:\Users\Prais\projects\autopilot-test\.vscode\time-analytics.json
[2026-01-31T22:52:33.374Z] File event: change C:\Users\Prais\projects\autopilot-test\.vscode\time-analytics.json
[2026-01-31T22:52:35.108Z] File event: change C:\Users\Prais\projects\autopilot-test\.vscode\time-analytics.json
[2026-01-31T22:52:36.813Z] File event: change C:\Users\Prais\projects\autopilot-test\.vscode\time-analytics.json
[2026-01-31T22:52:38.543Z] File event: change C:\Users\Prais\projects\autopilot-test\.vscode\time-analytics.json
[2026-01-31T22:52:40.192Z] File event: change C:\Users\Prais\projects\autopilot-test\.vscode\time-analytics.json
[2026-01-31T22:52:41.936Z] File event: change C:\Users\Prais\projects\autopilot-test\.vscode\time-analytics.json
[2026-01-31T22:52:43.662Z] File event: change C:\Users\Prais\projects\autopilot-test\.vscode\time-analytics.json
[2026-01-31T22:52:45.429Z] File event: change C:\Users\Prais\projects\autopilot-test\.vscode\time-analytics.json
[2026-01-31T22:52:47.187Z] File event: change C:\Users\Prais\projects\autopilot-test\.vscode\time-analytics.json
[2026-01-31T22:52:48.940Z] File event: change C:\Users\Prais\projects\autopilot-test\.vscode\time-analytics.json
[2026-01-31T22:52:50.687Z] File event: change C:\Users\Prais\projects\autopilot-test\.vscode\time-analytics.json
[2026-01-31T22:52:52.343Z] File event: change C:\Users\Prais\projects\autopilot-test\.vscode\time-analytics.json
[2026-01-31T22:52:54.107Z] File event: change C:\Users\Prais\projects\autopilot-test\.vscode\time-analytics.json
[2026-01-31T22:52:55.875Z] File event: change C:\Users\Prais\projects\autopilot-test\.vscode\time-analytics.json
[2026-01-31T22:52:57.649Z] File event: change C:\Users\Prais\projects\autopilot-test\.vscode\time-analytics.json
[2026-01-31T22:52:59.422Z] File event: change C:\Users\Prais\projects\autopilot-test\.vscode\time-analytics.json
[2026-01-31T22:53:01.185Z] File event: change C:\Users\Prais\projects\autopilot-test\.vscode\time-analytics.json
[2026-01-31T22:53:02.952Z] File event: change C:\Users\Prais\projects\autopilot-test\.vscode\time-analytics.json
[2026-01-31T22:53:04.702Z] File event: change C:\Users\Prais\projects\autopilot-test\.vscode\time-analytics.json
[2026-01-31T22:53:06.485Z] File event: change C:\Users\Prais\projects\autopilot-test\.vscode\time-analytics.json
[2026-01-31T22:53:08.261Z] File event: change C:\Users\Prais\projects\autopilot-test\.vscode\time-analytics.json
[2026-01-31T22:53:10.001Z] File event: change C:\Users\Prais\projects\autopilot-test\.vscode\time-analytics.json
[2026-01-31T22:53:11.751Z] File event: change C:\Users\Prais\projects\autopilot-test\.vscode\time-analytics.json
[2026-01-31T22:53:13.515Z] File event: change C:\Users\Prais\projects\autopilot-test\.vscode\time-analytics.json
[2026-01-31T22:53:15.248Z] File event: change C:\Users\Prais\projects\autopilot-test\.vscode\time-analytics.json
[2026-01-31T22:53:17.080Z] File event: change C:\Users\Prais\projects\autopilot-test\.vscode\time-analytics.json
[2026-01-31T22:53:18.895Z] File event: change C:\Users\Prais\projects\autopilot-test\.vscode\time-analytics.json
[2026-01-31T22:53:20.762Z] File event: change C:\Users\Prais\projects\autopilot-test\.vscode\time-analytics.json
[2026-01-31T22:53:22.535Z] File event: change C:\Users\Prais\projects\autopilot-test\.vscode\time-analytics.json
[2026-01-31T22:53:24.233Z] File event: change C:\Users\Prais\projects\autopilot-test\.vscode\time-analytics.json
[2026-01-31T22:53:25.956Z] File event: change C:\Users\Prais\projects\autopilot-test\.vscode\time-analytics.json
[2026-01-31T22:53:27.657Z] File event: change C:\Users\Prais\projects\autopilot-test\.vscode\time-analytics.json
[2026-01-31T22:53:29.377Z] File event: change C:\Users\Prais\projects\autopilot-test\.vscode\time-analytics.json
[2026-01-31T22:53:31.081Z] File event: change C:\Users\Prais\projects\autopilot-test\.vscode\time-analytics.json
[2026-01-31T22:53:32.818Z] File event: change C:\Users\Prais\projects\autopilot-test\.vscode\time-analytics.json
[2026-01-31T22:53:34.547Z] File event: change C:\Users\Prais\projects\autopilot-test\.vscode\time-analytics.json
[2026-01-31T22:53:36.284Z] File event: change C:\Users\Prais\projects\autopilot-test\.vscode\time-analytics.json
[2026-01-31T22:53:38.045Z] File event: change C:\Users\Prais\projects\autopilot-test\.vscode\time-analytics.json
[2026-01-31T22:53:39.784Z] File event: change C:\Users\Prais\projects\autopilot-test\.vscode\time-analytics.json
[2026-01-31T22:53:41.545Z] File event: change C:\Users\Prais\projects\autopilot-test\.vscode\time-analytics.json
[2026-01-31T22:53:43.327Z] File event: change C:\Users\Prais\projects\autopilot-test\.vscode\time-analytics.json
[2026-01-31T22:53:45.059Z] File event: change C:\Users\Prais\projects\autopilot-test\.vscode\time-analytics.json
[2026-01-31T22:53:46.788Z] File event: change C:\Users\Prais\projects\autopilot-test\.vscode\time-analytics.json
[2026-01-31T22:53:48.498Z] File event: change C:\Users\Prais\projects\autopilot-test\.vscode\time-analytics.json
[2026-01-31T22:53:50.232Z] File event: change C:\Users\Prais\projects\autopilot-test\.vscode\time-analytics.json
[2026-01-31T22:53:51.986Z] File event: change C:\Users\Prais\projects\autopilot-test\.vscode\time-analytics.json
[2026-01-31T22:53:53.716Z] File event: change C:\Users\Prais\projects\autopilot-test\.vscode\time-analytics.json
[2026-01-31T22:53:55.442Z] File event: change C:\Users\Prais\projects\autopilot-test\.vscode\time-analytics.json
[2026-01-31T22:53:57.182Z] File event: change C:\Users\Prais\projects\autopilot-test\.vscode\time-analytics.json
[2026-01-31T22:53:58.879Z] File event: change C:\Users\Prais\projects\autopilot-test\.vscode\time-analytics.json
[2026-01-31T22:54:00.608Z] File event: change C:\Users\Prais\projects\autopilot-test\.vscode\time-analytics.json
[2026-01-31T22:54:02.323Z] File event: change C:\Users\Prais\projects\autopilot-test\.vscode\time-analytics.json
[2026-01-31T22:54:04.041Z] File event: change C:\Users\Prais\projects\autopilot-test\.vscode\time-analytics.json
[2026-01-31T22:54:05.816Z] File event: change C:\Users\Prais\projects\autopilot-test\.vscode\time-analytics.json
[2026-01-31T22:54:07.464Z] File event: change C:\Users\Prais\projects\autopilot-test\.vscode\time-analytics.json
[2026-01-31T22:54:09.218Z] File event: change C:\Users\Prais\projects\autopilot-test\.vscode\time-analytics.json
[2026-01-31T22:54:10.955Z] File event: change C:\Users\Prais\projects\autopilot-test\.vscode\time-analytics.json
[2026-01-31T22:54:12.710Z] File event: change C:\Users\Prais\projects\autopilot-test\.vscode\time-analytics.json
[2026-01-31T22:54:14.373Z] File event: change C:\Users\Prais\projects\autopilot-test\.vscode\time-analytics.json
[2026-01-31T22:54:16.096Z] File event: change C:\Users\Prais\projects\autopilot-test\.vscode\time-analytics.json
[2026-01-31T22:54:17.799Z] File event: change C:\Users\Prais\projects\autopilot-test\.vscode\time-analytics.json
[2026-01-31T22:54:19.562Z] File event: change C:\Users\Prais\projects\autopilot-test\.vscode\time-analytics.json
[2026-01-31T22:54:21.313Z] File event: change C:\Users\Prais\projects\autopilot-test\.vscode\time-analytics.json
[2026-01-31T22:54:23.039Z] File event: change C:\Users\Prais\projects\autopilot-test\.vscode\time-analytics.json
[2026-01-31T22:54:24.785Z] File event: change C:\Users\Prais\projects\autopilot-test\.vscode\time-analytics.json
[2026-01-31T22:54:26.547Z] File event: change C:\Users\Prais\projects\autopilot-test\.vscode\time-analytics.json
[2026-01-31T22:54:28.290Z] File event: change C:\Users\Prais\projects\autopilot-test\.vscode\time-analytics.json
[2026-01-31T22:54:30.027Z] File event: change C:\Users\Prais\projects\autopilot-test\.vscode\time-analytics.json
[2026-01-31T22:54:31.778Z] File event: change C:\Users\Prais\projects\autopilot-test\.vscode\time-analytics.json
[2026-01-31T22:54:33.541Z] File event: change C:\Users\Prais\projects\autopilot-test\.vscode\time-analytics.json
[2026-01-31T22:54:35.198Z] File event: change C:\Users\Prais\projects\autopilot-test\.vscode\time-analytics.json
[2026-01-31T22:54:36.933Z] File event: change C:\Users\Prais\projects\autopilot-test\.vscode\time-analytics.json
[2026-01-31T22:54:38.639Z] File event: change C:\Users\Prais\projects\autopilot-test\.vscode\time-analytics.json
[2026-01-31T22:54:40.296Z] File event: change C:\Users\Prais\projects\autopilot-test\.vscode\time-analytics.json
[2026-01-31T22:54:42.030Z] File event: change C:\Users\Prais\projects\autopilot-test\.vscode\time-analytics.json
[2026-01-31T22:54:43.685Z] File event: change C:\Users\Prais\projects\autopilot-test\.vscode\time-analytics.json
[2026-01-31T22:54:45.437Z] File event: change C:\Users\Prais\projects\autopilot-test\.vscode\time-analytics.json
[2026-01-31T22:54:47.157Z] File event: change C:\Users\Prais\projects\autopilot-test\.vscode\time-analytics.json
[2026-01-31T22:54:48.813Z] File event: change C:\Users\Prais\projects\autopilot-test\.vscode\time-analytics.json
[2026-01-31T22:54:50.498Z] File event: change C:\Users\Prais\projects\autopilot-test\.vscode\time-analytics.json
[2026-01-31T22:54:52.242Z] File event: change C:\Users\Prais\projects\autopilot-test\.vscode\time-analytics.json
[2026-01-31T22:54:53.999Z] File event: change C:\Users\Prais\projects\autopilot-test\.vscode\time-analytics.json
[2026-01-31T22:54:55.654Z] File event: change C:\Users\Prais\projects\autopilot-test\.vscode\time-analytics.json
[2026-01-31T22:54:57.405Z] File event: change C:\Users\Prais\projects\autopilot-test\.vscode\time-analytics.json
[2026-01-31T22:54:59.176Z] File event: change C:\Users\Prais\projects\autopilot-test\.vscode\time-analytics.json
[2026-01-31T22:55:00.922Z] File event: change C:\Users\Prais\projects\autopilot-test\.vscode\time-analytics.json
[2026-01-31T22:55:02.686Z] File event: change C:\Users\Prais\projects\autopilot-test\.vscode\time-analytics.json
[2026-01-31T22:55:04.419Z] File event: change C:\Users\Prais\projects\autopilot-test\.vscode\time-analytics.json
[2026-01-31T22:55:06.158Z] File event: change C:\Users\Prais\projects\autopilot-test\.vscode\time-analytics.json
[2026-01-31T22:55:07.919Z] File event: change C:\Users\Prais\projects\autopilot-test\.vscode\time-analytics.json
[2026-01-31T22:55:09.685Z] File event: change C:\Users\Prais\projects\autopilot-test\.vscode\time-analytics.json
[2026-01-31T22:55:11.386Z] File event: change C:\Users\Prais\projects\autopilot-test\.vscode\time-analytics.json
[2026-01-31T22:55:13.180Z] File event: change C:\Users\Prais\projects\autopilot-test\.vscode\time-analytics.json
[2026-01-31T22:55:14.952Z] File event: change C:\Users\Prais\projects\autopilot-test\.vscode\time-analytics.json
[2026-01-31T22:55:16.751Z] File event: change C:\Users\Prais\projects\autopilot-test\.vscode\time-analytics.json
[2026-01-31T22:55:18.515Z] File event: change C:\Users\Prais\projects\autopilot-test\.vscode\time-analytics.json
[2026-01-31T22:55:20.218Z] File event: change C:\Users\Prais\projects\autopilot-test\.vscode\time-analytics.json
[2026-01-31T22:55:21.875Z] File event: change C:\Users\Prais\projects\autopilot-test\.vscode\time-analytics.json
[2026-01-31T22:55:23.591Z] File event: change C:\Users\Prais\projects\autopilot-test\.vscode\time-analytics.json
[2026-01-31T22:55:25.359Z] File event: change C:\Users\Prais\projects\autopilot-test\.vscode\time-analytics.json
[2026-01-31T22:55:27.022Z] File event: change C:\Users\Prais\projects\autopilot-test\.vscode\time-analytics.json
[2026-01-31T22:55:28.686Z] File event: change C:\Users\Prais\projects\autopilot-test\.vscode\time-analytics.json
[2026-01-31T22:55:30.436Z] File event: change C:\Users\Prais\projects\autopilot-test\.vscode\time-analytics.json
[2026-01-31T22:55:32.186Z] File event: change C:\Users\Prais\projects\autopilot-test\.vscode\time-analytics.json
[2026-01-31T22:55:33.904Z] File event: change C:\Users\Prais\projects\autopilot-test\.vscode\time-analytics.json
[2026-01-31T22:55:35.655Z] File event: change C:\Users\Prais\projects\autopilot-test\.vscode\time-analytics.json
[2026-01-31T22:55:37.421Z] File event: change C:\Users\Prais\projects\autopilot-test\.vscode\time-analytics.json
[2026-01-31T22:55:39.081Z] File event: change C:\Users\Prais\projects\autopilot-test\.vscode\time-analytics.json
[2026-01-31T22:55:40.841Z] File event: change C:\Users\Prais\projects\autopilot-test\.vscode\time-analytics.json
[2026-01-31T22:55:42.526Z] File event: change C:\Users\Prais\projects\autopilot-test\.vscode\time-analytics.json
[2026-01-31T22:55:44.194Z] File event: change C:\Users\Prais\projects\autopilot-test\.vscode\time-analytics.json
[2026-01-31T22:55:45.955Z] File event: change C:\Users\Prais\projects\autopilot-test\.vscode\time-analytics.json
[2026-01-31T22:55:47.687Z] File event: change C:\Users\Prais\projects\autopilot-test\.vscode\time-analytics.json
[2026-01-31T22:55:49.439Z] File event: change C:\Users\Prais\projects\autopilot-test\.vscode\time-analytics.json
[2026-01-31T22:55:51.209Z] File event: change C:\Users\Prais\projects\autopilot-test\.vscode\time-analytics.json
[2026-01-31T22:55:52.938Z] File event: change C:\Users\Prais\projects\autopilot-test\.vscode\time-analytics.json
[2026-01-31T22:55:54.695Z] File event: change C:\Users\Prais\projects\autopilot-test\.vscode\time-analytics.json
[2026-01-31T22:55:56.468Z] File event: change C:\Users\Prais\projects\autopilot-test\.vscode\time-analytics.json
[2026-01-31T22:55:58.217Z] File event: change C:\Users\Prais\projects\autopilot-test\.vscode\time-analytics.json
[2026-01-31T22:55:59.967Z] File event: change C:\Users\Prais\projects\autopilot-test\.vscode\time-analytics.json
[2026-01-31T22:56:01.707Z] File event: change C:\Users\Prais\projects\autopilot-test\.vscode\time-analytics.json
[2026-01-31T22:56:03.451Z] File event: change C:\Users\Prais\projects\autopilot-test\.vscode\time-analytics.json
[2026-01-31T22:56:05.203Z] File event: change C:\Users\Prais\projects\autopilot-test\.vscode\time-analytics.json
[2026-01-31T22:56:06.886Z] File event: change C:\Users\Prais\projects\autopilot-test\.vscode\time-analytics.json
[2026-01-31T22:56:08.624Z] File event: change C:\Users\Prais\projects\autopilot-test\.vscode\time-analytics.json
[2026-01-31T22:56:10.373Z] File event: change C:\Users\Prais\projects\autopilot-test\.vscode\time-analytics.json
[2026-01-31T22:56:12.108Z] File event: change C:\Users\Prais\projects\autopilot-test\.vscode\time-analytics.json
[2026-01-31T22:56:13.765Z] File event: change C:\Users\Prais\projects\autopilot-test\.vscode\time-analytics.json
[2026-01-31T22:56:15.499Z] File event: change C:\Users\Prais\projects\autopilot-test\.vscode\time-analytics.json
[2026-01-31T22:56:17.216Z] File event: change C:\Users\Prais\projects\autopilot-test\.vscode\time-analytics.json
[2026-01-31T22:56:18.878Z] File event: change C:\Users\Prais\projects\autopilot-test\.vscode\time-analytics.json
[2026-01-31T22:56:20.608Z] File event: change C:\Users\Prais\projects\autopilot-test\.vscode\time-analytics.json
[2026-01-31T22:56:22.357Z] File event: change C:\Users\Prais\projects\autopilot-test\.vscode\time-analytics.json
[2026-01-31T22:56:24.123Z] File event: change C:\Users\Prais\projects\autopilot-test\.vscode\time-analytics.json
[2026-01-31T22:56:25.866Z] File event: change C:\Users\Prais\projects\autopilot-test\.vscode\time-analytics.json
[2026-01-31T22:56:27.607Z] File event: change C:\Users\Prais\projects\autopilot-test\.vscode\time-analytics.json
[2026-01-31T22:56:29.326Z] File event: change C:\Users\Prais\projects\autopilot-test\.vscode\time-analytics.json
[2026-01-31T22:56:31.061Z] File event: change C:\Users\Prais\projects\autopilot-test\.vscode\time-analytics.json
[2026-01-31T22:56:32.811Z] File event: change C:\Users\Prais\projects\autopilot-test\.vscode\time-analytics.json
[2026-01-31T22:56:34.525Z] File event: change C:\Users\Prais\projects\autopilot-test\.vscode\time-analytics.json
[2026-01-31T22:56:36.254Z] File event: change C:\Users\Prais\projects\autopilot-test\.vscode\time-analytics.json
[2026-01-31T22:56:38.094Z] File event: change C:\Users\Prais\projects\autopilot-test\.vscode\time-analytics.json
[2026-01-31T22:56:39.836Z] File event: change C:\Users\Prais\projects\autopilot-test\.vscode\time-analytics.json
[2026-01-31T22:56:41.566Z] File event: change C:\Users\Prais\projects\autopilot-test\.vscode\time-analytics.json
[2026-01-31T22:56:43.374Z] File event: change C:\Users\Prais\projects\autopilot-test\.vscode\time-analytics.json
[2026-01-31T22:56:45.101Z] File event: change C:\Users\Prais\projects\autopilot-test\.vscode\time-analytics.json
[2026-01-31T22:56:46.878Z] File event: change C:\Users\Prais\projects\autopilot-test\.vscode\time-analytics.json
[2026-01-31T22:56:48.613Z] File event: change C:\Users\Prais\projects\autopilot-test\.vscode\time-analytics.json
[2026-01-31T22:56:50.377Z] File event: change C:\Users\Prais\projects\autopilot-test\.vscode\time-analytics.json
[2026-01-31T22:56:52.140Z] File event: change C:\Users\Prais\projects\autopilot-test\.vscode\time-analytics.json
[2026-01-31T22:56:53.863Z] File event: change C:\Users\Prais\projects\autopilot-test\.vscode\time-analytics.json
[2026-01-31T22:56:55.592Z] File event: change C:\Users\Prais\projects\autopilot-test\.vscode\time-analytics.json
[2026-01-31T22:56:57.374Z] File event: change C:\Users\Prais\projects\autopilot-test\.vscode\time-analytics.json
[2026-01-31T22:56:59.154Z] File event: change C:\Users\Prais\projects\autopilot-test\.vscode\time-analytics.json
[2026-01-31T22:57:00.904Z] File event: change C:\Users\Prais\projects\autopilot-test\.vscode\time-analytics.json
[2026-01-31T22:57:02.669Z] File event: change C:\Users\Prais\projects\autopilot-test\.vscode\time-analytics.json
[2026-01-31T22:57:04.450Z] File event: change C:\Users\Prais\projects\autopilot-test\.vscode\time-analytics.json
[2026-01-31T22:57:06.216Z] File event: change C:\Users\Prais\projects\autopilot-test\.vscode\time-analytics.json
[2026-01-31T22:57:07.897Z] File event: change C:\Users\Prais\projects\autopilot-test\.vscode\time-analytics.json
[2026-01-31T22:57:09.635Z] File event: change C:\Users\Prais\projects\autopilot-test\.vscode\time-analytics.json
[2026-01-31T22:57:11.407Z] File event: change C:\Users\Prais\projects\autopilot-test\.vscode\time-analytics.json
[2026-01-31T22:57:13.186Z] File event: change C:\Users\Prais\projects\autopilot-test\.vscode\time-analytics.json
[2026-01-31T22:57:14.952Z] File event: change C:\Users\Prais\projects\autopilot-test\.vscode\time-analytics.json
[2026-01-31T22:57:16.691Z] File event: change C:\Users\Prais\projects\autopilot-test\.vscode\time-analytics.json
[2026-01-31T22:57:18.514Z] File event: change C:\Users\Prais\projects\autopilot-test\.vscode\time-analytics.json
[2026-01-31T22:57:20.232Z] File event: change C:\Users\Prais\projects\autopilot-test\.vscode\time-analytics.json
[2026-01-31T22:57:21.967Z] File event: change C:\Users\Prais\projects\autopilot-test\.vscode\time-analytics.json
[2026-01-31T22:57:23.714Z] File event: change C:\Users\Prais\projects\autopilot-test\.vscode\time-analytics.json
[2026-01-31T22:57:25.354Z] File event: change C:\Users\Prais\projects\autopilot-test\.vscode\time-analytics.json
[2026-01-31T22:57:27.121Z] File event: change C:\Users\Prais\projects\autopilot-test\.vscode\time-analytics.json
[2026-01-31T22:57:28.842Z] File event: change C:\Users\Prais\projects\autopilot-test\.vscode\time-analytics.json
[2026-01-31T22:57:30.592Z] File event: change C:\Users\Prais\projects\autopilot-test\.vscode\time-analytics.json
[2026-01-31T22:57:32.344Z] File event: change C:\Users\Prais\projects\autopilot-test\.vscode\time-analytics.json
[2026-01-31T22:57:34.081Z] File event: change C:\Users\Prais\projects\autopilot-test\.vscode\time-analytics.json
[2026-01-31T22:57:35.823Z] File event: change C:\Users\Prais\projects\autopilot-test\.vscode\time-analytics.json
[2026-01-31T22:57:37.640Z] File event: change C:\Users\Prais\projects\autopilot-test\.vscode\time-analytics.json
[2026-01-31T22:57:39.360Z] File event: change C:\Users\Prais\projects\autopilot-test\.vscode\time-analytics.json
[2026-01-31T22:57:41.054Z] File event: change C:\Users\Prais\projects\autopilot-test\.vscode\time-analytics.json
[2026-01-31T22:57:42.859Z] File event: change C:\Users\Prais\projects\autopilot-test\.vscode\time-analytics.json
[2026-01-31T22:57:44.642Z] File event: change C:\Users\Prais\projects\autopilot-test\.vscode\time-analytics.json
[2026-01-31T22:57:46.322Z] File event: change C:\Users\Prais\projects\autopilot-test\.vscode\time-analytics.json
[2026-01-31T22:57:48.140Z] File event: change C:\Users\Prais\projects\autopilot-test\.vscode\time-analytics.json
[2026-01-31T22:57:49.942Z] File event: change C:\Users\Prais\projects\autopilot-test\.vscode\time-analytics.json
[2026-01-31T22:57:51.791Z] File event: change C:\Users\Prais\projects\autopilot-test\.vscode\time-analytics.json
[2026-01-31T22:57:53.535Z] File event: change C:\Users\Prais\projects\autopilot-test\.vscode\time-analytics.json
[2026-01-31T22:57:55.277Z] File event: change C:\Users\Prais\projects\autopilot-test\.vscode\time-analytics.json
[2026-01-31T22:57:57.044Z] File event: change C:\Users\Prais\projects\autopilot-test\.vscode\time-analytics.json
[2026-01-31T22:57:58.783Z] File event: change C:\Users\Prais\projects\autopilot-test\.vscode\time-analytics.json
[2026-01-31T22:58:00.549Z] File event: change C:\Users\Prais\projects\autopilot-test\.vscode\time-analytics.json
[2026-01-31T22:58:02.356Z] File event: change C:\Users\Prais\projects\autopilot-test\.vscode\time-analytics.json
[2026-01-31T22:58:04.075Z] File event: change C:\Users\Prais\projects\autopilot-test\.vscode\time-analytics.json
[2026-01-31T22:58:05.944Z] File event: change C:\Users\Prais\projects\autopilot-test\.vscode\time-analytics.json
[2026-01-31T22:58:07.697Z] File event: change C:\Users\Prais\projects\autopilot-test\.vscode\time-analytics.json
[2026-01-31T22:58:09.451Z] File event: change C:\Users\Prais\projects\autopilot-test\.vscode\time-analytics.json
[2026-01-31T22:58:11.201Z] File event: change C:\Users\Prais\projects\autopilot-test\.vscode\time-analytics.json
[2026-01-31T22:58:12.951Z] File event: change C:\Users\Prais\projects\autopilot-test\.vscode\time-analytics.json
[2026-01-31T22:58:14.718Z] File event: change C:\Users\Prais\projects\autopilot-test\.vscode\time-analytics.json
[2026-01-31T22:58:16.389Z] File event: change C:\Users\Prais\projects\autopilot-test\.vscode\time-analytics.json
[2026-01-31T22:58:18.134Z] File event: change C:\Users\Prais\projects\autopilot-test\.vscode\time-analytics.json
[2026-01-31T22:58:19.905Z] File event: change C:\Users\Prais\projects\autopilot-test\.vscode\time-analytics.json
[2026-01-31T22:58:21.749Z] File event: change C:\Users\Prais\projects\autopilot-test\.vscode\time-analytics.json
[2026-01-31T22:58:23.493Z] File event: change C:\Users\Prais\projects\autopilot-test\.vscode\time-analytics.json
[2026-01-31T22:58:25.279Z] File event: change C:\Users\Prais\projects\autopilot-test\.vscode\time-analytics.json
[2026-01-31T22:58:27.012Z] File event: change C:\Users\Prais\projects\autopilot-test\.vscode\time-analytics.json
[2026-01-31T22:58:28.783Z] File event: change C:\Users\Prais\projects\autopilot-test\.vscode\time-analytics.json
[2026-01-31T22:58:30.609Z] File event: change C:\Users\Prais\projects\autopilot-test\.vscode\time-analytics.json
[2026-01-31T22:58:32.431Z] File event: change C:\Users\Prais\projects\autopilot-test\.vscode\time-analytics.json
[2026-01-31T22:58:34.218Z] File event: change C:\Users\Prais\projects\autopilot-test\.vscode\time-analytics.json
[2026-01-31T22:58:35.952Z] File event: change C:\Users\Prais\projects\autopilot-test\.vscode\time-analytics.json
[2026-01-31T22:58:37.690Z] File event: change C:\Users\Prais\projects\autopilot-test\.vscode\time-analytics.json
[2026-01-31T22:58:39.452Z] File event: change C:\Users\Prais\projects\autopilot-test\.vscode\time-analytics.json
[2026-01-31T22:58:41.217Z] File event: change C:\Users\Prais\projects\autopilot-test\.vscode\time-analytics.json
[2026-01-31T22:58:43.032Z] File event: change C:\Users\Prais\projects\autopilot-test\.vscode\time-analytics.json
[2026-01-31T22:58:44.801Z] File event: change C:\Users\Prais\projects\autopilot-test\.vscode\time-analytics.json
[2026-01-31T22:58:46.577Z] File event: change C:\Users\Prais\projects\autopilot-test\.vscode\time-analytics.json
[2026-01-31T22:58:48.311Z] File event: change C:\Users\Prais\projects\autopilot-test\.vscode\time-analytics.json
[2026-01-31T22:58:50.065Z] File event: change C:\Users\Prais\projects\autopilot-test\.vscode\time-analytics.json
[2026-01-31T22:58:51.825Z] File event: change C:\Users\Prais\projects\autopilot-test\.vscode\time-analytics.json
[2026-01-31T22:58:53.546Z] File event: change C:\Users\Prais\projects\autopilot-test\.vscode\time-analytics.json
[2026-01-31T22:58:55.320Z] File event: change C:\Users\Prais\projects\autopilot-test\.vscode\time-analytics.json
[2026-01-31T22:58:57.189Z] File event: change C:\Users\Prais\projects\autopilot-test\.vscode\time-analytics.json
[2026-01-31T22:58:58.947Z] File event: change C:\Users\Prais\projects\autopilot-test\.vscode\time-analytics.json
[2026-01-31T22:59:00.750Z] File event: change C:\Users\Prais\projects\autopilot-test\.vscode\time-analytics.json
[2026-01-31T22:59:02.512Z] File event: change C:\Users\Prais\projects\autopilot-test\.vscode\time-analytics.json
[2026-01-31T22:59:04.439Z] File event: change C:\Users\Prais\projects\autopilot-test\.vscode\time-analytics.json
[2026-01-31T22:59:06.238Z] File event: change C:\Users\Prais\projects\autopilot-test\.vscode\time-analytics.json
[2026-01-31T22:59:08.116Z] File event: change C:\Users\Prais\projects\autopilot-test\.vscode\time-analytics.json
[2026-01-31T22:59:09.954Z] File event: change C:\Users\Prais\projects\autopilot-test\.vscode\time-analytics.json
[2026-01-31T22:59:11.807Z] File event: change C:\Users\Prais\projects\autopilot-test\.vscode\time-analytics.json
[2026-01-31T22:59:13.591Z] File event: change C:\Users\Prais\projects\autopilot-test\.vscode\time-analytics.json
[2026-01-31T22:59:15.388Z] File event: change C:\Users\Prais\projects\autopilot-test\.vscode\time-analytics.json
[2026-01-31T22:59:17.181Z] File event: change C:\Users\Prais\projects\autopilot-test\.vscode\time-analytics.json
[2026-01-31T22:59:18.966Z] File event: change C:\Users\Prais\projects\autopilot-test\.vscode\time-analytics.json
[2026-01-31T22:59:20.699Z] File event: change C:\Users\Prais\projects\autopilot-test\.vscode\time-analytics.json
[2026-01-31T22:59:22.462Z] File event: change C:\Users\Prais\projects\autopilot-test\.vscode\time-analytics.json
[2026-01-31T22:59:24.236Z] File event: change C:\Users\Prais\projects\autopilot-test\.vscode\time-analytics.json
[2026-01-31T22:59:25.967Z] File event: change C:\Users\Prais\projects\autopilot-test\.vscode\time-analytics.json
[2026-01-31T22:59:27.627Z] File event: change C:\Users\Prais\projects\autopilot-test\.vscode\time-analytics.json
[2026-01-31T22:59:29.334Z] File event: change C:\Users\Prais\projects\autopilot-test\.vscode\time-analytics.json
[2026-01-31T22:59:30.996Z] File event: change C:\Users\Prais\projects\autopilot-test\.vscode\time-analytics.json
[2026-01-31T22:59:32.788Z] File event: change C:\Users\Prais\projects\autopilot-test\.vscode\time-analytics.json
[2026-01-31T22:59:34.525Z] File event: change C:\Users\Prais\projects\autopilot-test\.vscode\time-analytics.json
[2026-01-31T22:59:36.280Z] File event: change C:\Users\Prais\projects\autopilot-test\.vscode\time-analytics.json
[2026-01-31T22:59:37.996Z] File event: change C:\Users\Prais\projects\autopilot-test\.vscode\time-analytics.json
[2026-01-31T22:59:39.736Z] File event: change C:\Users\Prais\projects\autopilot-test\.vscode\time-analytics.json
[2026-01-31T22:59:41.495Z] File event: change C:\Users\Prais\projects\autopilot-test\.vscode\time-analytics.json
[2026-01-31T22:59:43.262Z] File event: change C:\Users\Prais\projects\autopilot-test\.vscode\time-analytics.json
[2026-01-31T22:59:45.030Z] File event: change C:\Users\Prais\projects\autopilot-test\.vscode\time-analytics.json
[2026-01-31T22:59:46.783Z] File event: change C:\Users\Prais\projects\autopilot-test\.vscode\time-analytics.json
[2026-01-31T22:59:48.510Z] File event: change C:\Users\Prais\projects\autopilot-test\.vscode\time-analytics.json
[2026-01-31T22:59:50.201Z] File event: change C:\Users\Prais\projects\autopilot-test\.vscode\time-analytics.json
[2026-01-31T22:59:51.957Z] File event: change C:\Users\Prais\projects\autopilot-test\.vscode\time-analytics.json
[2026-01-31T22:59:53.727Z] File event: change C:\Users\Prais\projects\autopilot-test\.vscode\time-analytics.json
[2026-01-31T22:59:55.420Z] File event: change C:\Users\Prais\projects\autopilot-test\.vscode\time-analytics.json
[2026-01-31T22:59:57.109Z] File event: change C:\Users\Prais\projects\autopilot-test\.vscode\time-analytics.json
[2026-01-31T22:59:58.887Z] File event: change C:\Users\Prais\projects\autopilot-test\.vscode\time-analytics.json
[2026-01-31T23:00:00.663Z] File event: change C:\Users\Prais\projects\autopilot-test\.vscode\time-analytics.json
[2026-01-31T23:00:02.460Z] File event: change C:\Users\Prais\projects\autopilot-test\.vscode\time-analytics.json
[2026-01-31T23:00:04.266Z] File event: change C:\Users\Prais\projects\autopilot-test\.vscode\time-analytics.json
[2026-01-31T23:00:06.042Z] File event: change C:\Users\Prais\projects\autopilot-test\.vscode\time-analytics.json
[2026-01-31T23:00:07.791Z] File event: change C:\Users\Prais\projects\autopilot-test\.vscode\time-analytics.json
[2026-01-31T23:00:09.475Z] File event: change C:\Users\Prais\projects\autopilot-test\.vscode\time-analytics.json
[2026-01-31T23:00:11.224Z] File event: change C:\Users\Prais\projects\autopilot-test\.vscode\time-analytics.json
[2026-01-31T23:00:12.971Z] File event: change C:\Users\Prais\projects\autopilot-test\.vscode\time-analytics.json
[2026-01-31T23:00:14.751Z] File event: change C:\Users\Prais\projects\autopilot-test\.vscode\time-analytics.json
[2026-01-31T23:00:16.520Z] File event: change C:\Users\Prais\projects\autopilot-test\.vscode\time-analytics.json
[2026-01-31T23:00:18.257Z] File event: change C:\Users\Prais\projects\autopilot-test\.vscode\time-analytics.json
[2026-01-31T23:00:19.962Z] File event: change C:\Users\Prais\projects\autopilot-test\.vscode\time-analytics.json
[2026-01-31T23:00:21.729Z] File event: change C:\Users\Prais\projects\autopilot-test\.vscode\time-analytics.json
[2026-01-31T23:00:23.445Z] File event: change C:\Users\Prais\projects\autopilot-test\.vscode\time-analytics.json
[2026-01-31T23:00:25.174Z] File event: change C:\Users\Prais\projects\autopilot-test\.vscode\time-analytics.json
[2026-01-31T23:00:26.895Z] File event: change C:\Users\Prais\projects\autopilot-test\.vscode\time-analytics.json
[2026-01-31T23:00:28.668Z] File event: change C:\Users\Prais\projects\autopilot-test\.vscode\time-analytics.json
[2026-01-31T23:00:30.460Z] File event: change C:\Users\Prais\projects\autopilot-test\.vscode\time-analytics.json
[2026-01-31T23:00:32.248Z] File event: change C:\Users\Prais\projects\autopilot-test\.vscode\time-analytics.json
[2026-01-31T23:00:34.034Z] File event: change C:\Users\Prais\projects\autopilot-test\.vscode\time-analytics.json
[2026-01-31T23:00:35.781Z] File event: change C:\Users\Prais\projects\autopilot-test\.vscode\time-analytics.json
[2026-01-31T23:00:37.513Z] File event: change C:\Users\Prais\projects\autopilot-test\.vscode\time-analytics.json
[2026-01-31T23:00:39.285Z] File event: change C:\Users\Prais\projects\autopilot-test\.vscode\time-analytics.json
[2026-01-31T23:00:41.005Z] File event: change C:\Users\Prais\projects\autopilot-test\.vscode\time-analytics.json
[2026-01-31T23:00:42.799Z] File event: change C:\Users\Prais\projects\autopilot-test\.vscode\time-analytics.json
[2026-01-31T23:00:44.673Z] File event: change C:\Users\Prais\projects\autopilot-test\.vscode\time-analytics.json
[2026-01-31T23:00:46.480Z] File event: change C:\Users\Prais\projects\autopilot-test\.vscode\time-analytics.json
[2026-01-31T23:00:48.184Z] File event: change C:\Users\Prais\projects\autopilot-test\.vscode\time-analytics.json
[2026-01-31T23:00:49.885Z] File event: change C:\Users\Prais\projects\autopilot-test\.vscode\time-analytics.json
[2026-01-31T23:00:51.639Z] File event: change C:\Users\Prais\projects\autopilot-test\.vscode\time-analytics.json
[2026-01-31T23:00:53.400Z] File event: change C:\Users\Prais\projects\autopilot-test\.vscode\time-analytics.json
[2026-01-31T23:00:55.171Z] File event: change C:\Users\Prais\projects\autopilot-test\.vscode\time-analytics.json
[2026-01-31T23:00:56.922Z] File event: change C:\Users\Prais\projects\autopilot-test\.vscode\time-analytics.json
[2026-01-31T23:00:58.669Z] File event: change C:\Users\Prais\projects\autopilot-test\.vscode\time-analytics.json
[2026-01-31T23:01:00.337Z] File event: change C:\Users\Prais\projects\autopilot-test\.vscode\time-analytics.json
[2026-01-31T23:01:02.093Z] File event: change C:\Users\Prais\projects\autopilot-test\.vscode\time-analytics.json
[2026-01-31T23:01:03.747Z] File event: change C:\Users\Prais\projects\autopilot-test\.vscode\time-analytics.json
[2026-01-31T23:01:05.482Z] File event: change C:\Users\Prais\projects\autopilot-test\.vscode\time-analytics.json
[2026-01-31T23:01:07.160Z] File event: change C:\Users\Prais\projects\autopilot-test\.vscode\time-analytics.json
[2026-01-31T23:01:08.903Z] File event: change C:\Users\Prais\projects\autopilot-test\.vscode\time-analytics.json
[2026-01-31T23:01:10.612Z] File event: change C:\Users\Prais\projects\autopilot-test\.vscode\time-analytics.json
[2026-01-31T23:01:12.427Z] File event: change C:\Users\Prais\projects\autopilot-test\.vscode\time-analytics.json
[2026-01-31T23:01:14.181Z] File event: change C:\Users\Prais\projects\autopilot-test\.vscode\time-analytics.json
[2026-01-31T23:01:15.903Z] File event: change C:\Users\Prais\projects\autopilot-test\.vscode\time-analytics.json
[2026-01-31T23:01:17.658Z] File event: change C:\Users\Prais\projects\autopilot-test\.vscode\time-analytics.json
[2026-01-31T23:01:19.408Z] File event: change C:\Users\Prais\projects\autopilot-test\.vscode\time-analytics.json
[2026-01-31T23:01:21.145Z] File event: change C:\Users\Prais\projects\autopilot-test\.vscode\time-analytics.json
[2026-01-31T23:01:22.915Z] File event: change C:\Users\Prais\projects\autopilot-test\.vscode\time-analytics.json
[2026-01-31T23:01:24.586Z] File event: change C:\Users\Prais\projects\autopilot-test\.vscode\time-analytics.json
[2026-01-31T23:01:26.365Z] File event: change C:\Users\Prais\projects\autopilot-test\.vscode\time-analytics.json
[2026-01-31T23:01:28.138Z] File event: change C:\Users\Prais\projects\autopilot-test\.vscode\time-analytics.json
[2026-01-31T23:01:29.845Z] File event: change C:\Users\Prais\projects\autopilot-test\.vscode\time-analytics.json
[2026-01-31T23:01:31.547Z] File event: change C:\Users\Prais\projects\autopilot-test\.vscode\time-analytics.json
[2026-01-31T23:01:33.263Z] File event: change C:\Users\Prais\projects\autopilot-test\.vscode\time-analytics.json
[2026-01-31T23:01:34.939Z] File event: change C:\Users\Prais\projects\autopilot-test\.vscode\time-analytics.json
[2026-01-31T23:01:36.720Z] File event: change C:\Users\Prais\projects\autopilot-test\.vscode\time-analytics.json
[2026-01-31T23:01:38.458Z] File event: change C:\Users\Prais\projects\autopilot-test\.vscode\time-analytics.json
[2026-01-31T23:01:40.206Z] File event: change C:\Users\Prais\projects\autopilot-test\.vscode\time-analytics.json
[2026-01-31T23:01:41.897Z] File event: change C:\Users\Prais\projects\autopilot-test\.vscode\time-analytics.json
[2026-01-31T23:01:43.565Z] File event: change C:\Users\Prais\projects\autopilot-test\.vscode\time-analytics.json
[2026-01-31T23:01:45.322Z] File event: change C:\Users\Prais\projects\autopilot-test\.vscode\time-analytics.json
[2026-01-31T23:01:47.073Z] File event: change C:\Users\Prais\projects\autopilot-test\.vscode\time-analytics.json
[2026-01-31T23:01:48.825Z] File event: change C:\Users\Prais\projects\autopilot-test\.vscode\time-analytics.json
[2026-01-31T23:01:50.566Z] File event: change C:\Users\Prais\projects\autopilot-test\.vscode\time-analytics.json
[2026-01-31T23:01:52.221Z] File event: change C:\Users\Prais\projects\autopilot-test\.vscode\time-analytics.json
[2026-01-31T23:01:53.959Z] File event: change C:\Users\Prais\projects\autopilot-test\.vscode\time-analytics.json
[2026-01-31T23:01:55.614Z] File event: change C:\Users\Prais\projects\autopilot-test\.vscode\time-analytics.json
[2026-01-31T23:01:57.276Z] File event: change C:\Users\Prais\projects\autopilot-test\.vscode\time-analytics.json
[2026-01-31T23:01:59.021Z] File event: change C:\Users\Prais\projects\autopilot-test\.vscode\time-analytics.json
[2026-01-31T23:02:00.796Z] File event: change C:\Users\Prais\projects\autopilot-test\.vscode\time-analytics.json
[2026-01-31T23:02:02.553Z] File event: change C:\Users\Prais\projects\autopilot-test\.vscode\time-analytics.json
[2026-01-31T23:02:04.329Z] File event: change C:\Users\Prais\projects\autopilot-test\.vscode\time-analytics.json
[2026-01-31T23:02:06.029Z] File event: change C:\Users\Prais\projects\autopilot-test\.vscode\time-analytics.json
[2026-01-31T23:02:07.699Z] File event: change C:\Users\Prais\projects\autopilot-test\.vscode\time-analytics.json
[2026-01-31T23:02:09.464Z] File event: change C:\Users\Prais\projects\autopilot-test\.vscode\time-analytics.json
[2026-01-31T23:02:11.222Z] File event: change C:\Users\Prais\projects\autopilot-test\.vscode\time-analytics.json
[2026-01-31T23:02:12.992Z] File event: change C:\Users\Prais\projects\autopilot-test\.vscode\time-analytics.json
[2026-01-31T23:02:14.729Z] File event: change C:\Users\Prais\projects\autopilot-test\.vscode\time-analytics.json
[2026-01-31T23:02:16.480Z] File event: change C:\Users\Prais\projects\autopilot-test\.vscode\time-analytics.json
[2026-01-31T23:02:18.233Z] File event: change C:\Users\Prais\projects\autopilot-test\.vscode\time-analytics.json
[2026-01-31T23:02:19.888Z] File event: change C:\Users\Prais\projects\autopilot-test\.vscode\time-analytics.json
[2026-01-31T23:02:21.640Z] File event: change C:\Users\Prais\projects\autopilot-test\.vscode\time-analytics.json
[2026-01-31T23:02:23.385Z] File event: change C:\Users\Prais\projects\autopilot-test\.vscode\time-analytics.json
[2026-01-31T23:02:25.046Z] File event: change C:\Users\Prais\projects\autopilot-test\.vscode\time-analytics.json
[2026-01-31T23:02:26.592Z] File event: change C:\Users\Prais\projects\autopilot-test\.vscode\time-analytics.json
[2026-01-31T23:02:28.322Z] File event: change C:\Users\Prais\projects\autopilot-test\.vscode\time-analytics.json
[2026-01-31T23:02:29.970Z] File event: change C:\Users\Prais\projects\autopilot-test\.vscode\time-analytics.json
[2026-01-31T23:02:31.704Z] File event: change C:\Users\Prais\projects\autopilot-test\.vscode\time-analytics.json
[2026-01-31T23:02:33.356Z] File event: change C:\Users\Prais\projects\autopilot-test\.vscode\time-analytics.json
[2026-01-31T23:02:35.105Z] File event: change C:\Users\Prais\projects\autopilot-test\.vscode\time-analytics.json
[2026-01-31T23:02:36.837Z] File event: change C:\Users\Prais\projects\autopilot-test\.vscode\time-analytics.json
[2026-01-31T23:02:38.587Z] File event: change C:\Users\Prais\projects\autopilot-test\.vscode\time-analytics.json
